
> hg-film-producer@0.1.0 verify:v0.1
> npm run preflight:v0.1 && npm run audit:production-cases && npm run audit:film-history-ch1 && npm run audit:film-history-ch2 && npm run audit:film-history-ch3 && npm run audit:film-history-ch4 && npm run audit:film-history-ch5 && npm run audit:film-history-ch6 && npm run audit:film-history-ch7 && npm run audit:film-history-ch8 && npm run typecheck && npm test && npm run build:ui


> hg-film-producer@0.1.0 preflight:v0.1
> node scripts/preflight-v0.1.mjs

v0.1 preflight source/documentation checks passed.

> hg-film-producer@0.1.0 audit:production-cases
> node scripts/production-case-rest-audit.mjs

HG_FILM_PRODUCER_REST_AUDIT_START
{
  "schemaVersion": "1.2",
  "auditDate": "2026-08-15",
  "catalogConstruction": {
    "expectedPlayableScenarios": 410,
    "expectedVerifiedProductionCases": 410,
    "seedDeclaredCount": 161,
    "seedActualCount": 161,
    "expansionOrder": [
      {
        "fileName": "earlyCinemaExpansion.ts",
        "definitions": 58,
        "appended": 56,
        "matchedExisting": 2,
        "status": "manual_early_cinema_case_needs_source_verification",
        "sourceListId": "manual_early_cinema_expansion_2026"
      },
      {
        "fileName": "chapterOneEarlyCinemaExpansion.ts",
        "definitions": 5,
        "appended": 5,
        "matchedExisting": 0,
        "status": "manual_chapter_one_early_cinema_verified",
        "sourceListId": "manual_chapter_one_early_cinema_expansion_2026"
      },
      {
        "fileName": "chapterOneRescuedByRoverExpansion.ts",
        "definitions": 1,
        "appended": 1,
        "matchedExisting": 0,
        "status": "manual_chapter_one_early_cinema_verified",
        "sourceListId": "manual_chapter_one_early_cinema_expansion_2026"
      },
      {
        "fileName": "chapterTwoExhibitionExpansion.ts",
        "definitions": 3,
        "appended": 3,
        "matchedExisting": 0,
        "status": "manual_chapter_two_exhibition_verified",
        "sourceListId": "manual_chapter_two_exhibition_expansion_2026"
      },
      {
        "fileName": "chapterThreeNarrativeExpansion.ts",
        "definitions": 4,
        "appended": 4,
        "matchedExisting": 0,
        "status": "manual_chapter_three_narrative_verified",
        "sourceListId": "manual_chapter_three_narrative_expansion_2026"
      },
      {
        "fileName": "chapterFourIndustryExpansion.ts",
        "definitions": 3,
        "appended": 3,
        "matchedExisting": 0,
        "status": "manual_chapter_four_industry_verified",
        "sourceListId": "manual_chapter_four_industry_expansion_2026"
      },
      {
        "fileName": "chapterFiveInternationalExpansion.ts",
        "definitions": 4,
        "appended": 4,
        "matchedExisting": 0,
        "status": "manual_chapter_five_international_verified",
        "sourceListId": "manual_chapter_five_international_expansion_2026"
      },
      {
        "fileName": "chapterSixHollywoodExpansion.ts",
        "definitions": 5,
        "appended": 5,
        "matchedExisting": 0,
        "status": "manual_chapter_six_hollywood_verified",
        "sourceListId": "manual_chapter_six_hollywood_expansion_2026"
      },
      {
        "fileName": "chapterSevenWeimarExpansion.ts",
        "definitions": 2,
        "appended": 2,
        "matchedExisting": 0,
        "status": "manual_chapter_seven_weimar_verified",
        "sourceListId": "manual_chapter_seven_weimar_expansion_2026"
      },
      {
        "fileName": "chapterEightFrenchAvantGardeExpansion.ts",
        "definitions": 5,
        "appended": 5,
        "matchedExisting": 0,
        "status": "manual_chapter_eight_french_avant_garde_verified",
        "sourceListId": "manual_chapter_eight_french_avant_garde_expansion_2026"
      },
      {
        "fileName": "modernCanonExpansion.ts",
        "definitions": 27,
        "appended": 27,
        "matchedExisting": 0,
        "status": "manual_modern_canon_case_needs_source_verification",
        "sourceListId": "manual_modern_indie_asian_prize_expansion_2026"
      },
      {
        "fileName": "priorityIndieExpansion.ts",
        "definitions": 20,
        "appended": 20,
        "matchedExisting": 0,
        "status": "manual_priority_indie_case_needs_source_verification",
        "sourceListId": "manual_priority_indie_completion_2026"
      },
      {
        "fileName": "eastAsianAuteurExpansion.ts",
        "definitions": 11,
        "appended": 11,
        "matchedExisting": 0,
        "status": "manual_east_asian_auteur_case_needs_source_verification",
        "sourceListId": "manual_east_asian_auteur_expansion_2026"
      },
      {
        "fileName": "japaneseAuteurExpansion.ts",
        "definitions": 7,
        "appended": 7,
        "matchedExisting": 0,
        "status": "manual_japanese_auteur_case_needs_source_verification",
        "sourceListId": "manual_japanese_auteur_expansion_2026"
      },
      {
        "fileName": "southKoreanCinemaExpansion.ts",
        "definitions": 4,
        "appended": 4,
        "matchedExisting": 0,
        "status": "manual_south_korean_cinema_case_needs_source_verification",
        "sourceListId": "manual_south_korean_cinema_expansion_2026"
      },
      {
        "fileName": "southSoutheastAsianExpansion.ts",
        "definitions": 7,
        "appended": 7,
        "matchedExisting": 0,
        "status": "manual_south_southeast_asian_case_needs_source_verification",
        "sourceListId": "manual_south_southeast_asian_expansion_2026"
      },
      {
        "fileName": "festivalWinners1981To2009Expansion.ts",
        "definitions": 11,
        "appended": 11,
        "matchedExisting": 0,
        "status": "manual_festival_winner_1981_2009_case_needs_source_verification",
        "sourceListId": "manual_festival_winners_1981_2009_expansion_2026"
      },
      {
        "fileName": "festivalWinners2010To2024Expansion.ts",
        "definitions": 11,
        "appended": 11,
        "matchedExisting": 0,
        "status": "manual_festival_winner_2010_2024_case_needs_source_verification",
        "sourceListId": "manual_festival_winner_2010_2024_expansion_2026"
      },
      {
        "fileName": "scandinavianEuropeanExpansion.ts",
        "definitions": 22,
        "appended": 15,
        "matchedExisting": 7,
        "status": "manual_scandinavian_european_case_needs_source_verification",
        "sourceListId": "manual_scandinavian_european_expansion_2026"
      },
      {
        "fileName": "easternIberianBritishExpansion.ts",
        "definitions": 24,
        "appended": 23,
        "matchedExisting": 1,
        "status": "manual_eastern_iberian_british_case_needs_source_verification",
        "sourceListId": "manual_eastern_iberian_british_expansion_2026"
      },
      {
        "fileName": "italyFranceGermanyBeneluxExpansion.ts",
        "definitions": 28,
        "appended": 25,
        "matchedExisting": 3,
        "status": "manual_italy_france_germany_benelux_case_needs_source_verification",
        "sourceListId": "manual_italy_france_germany_benelux_expansion_2026"
      }
    ]
  },
  "totals": {
    "playableScenarios": 410,
    "verifiedProductionCases": 410,
    "unverifiedProductionCases": 0,
    "sourceBackedProfiles": 410,
    "filmSpecificProductionBriefs": 410,
    "seedFallbackProductionBriefs": 0,
    "scenariosWithoutSourceBackedProfile": 0,
    "scenariosMissingVerificationAndProfile": 0
  },
  "integrity": {
    "seedDuplicateScenarioIds": [],
    "finalDuplicateScenarioIds": [],
    "duplicateVerificationIds": [],
    "duplicateProfileIds": [],
    "orphanVerificationIds": [],
    "orphanProfileIds": [],
    "verifiedWithoutProfile": [],
    "profilesWithoutVerification": []
  },
  "unverifiedDistributions": {
    "byOrigin": {},
    "bySourceList": {},
    "byStatus": {},
    "byDecade": {},
    "byGenre": {},
    "byBriefType": {}
  },
  "unverified": [],
  "seedFallbackBriefs": [],
  "profilesWithoutVerification": [],
  "verifiedWithoutProfile": []
}
HG_FILM_PRODUCER_REST_AUDIT_END

> hg-film-producer@0.1.0 audit:film-history-ch1
> node scripts/film-history-chapter-one-atlas-audit.mjs

HG_FILM_HISTORY_CHAPTER_ONE_ATLAS_AUDIT_START
{
  "schemaVersion": "1.1",
  "auditDate": "2026-08-14",
  "atlas": {
    "expectedCount": 394,
    "actualCount": 394,
    "expansionOrder": [
      {
        "fileName": "earlyCinemaExpansion.ts",
        "appended": 56,
        "matchedExisting": 2
      },
      {
        "fileName": "chapterOneEarlyCinemaExpansion.ts",
        "appended": 5,
        "matchedExisting": 0
      },
      {
        "fileName": "chapterOneRescuedByRoverExpansion.ts",
        "appended": 1,
        "matchedExisting": 0
      },
      {
        "fileName": "chapterTwoExhibitionExpansion.ts",
        "appended": 3,
        "matchedExisting": 0
      },
      {
        "fileName": "chapterThreeNarrativeExpansion.ts",
        "appended": 4,
        "matchedExisting": 0
      },
      {
        "fileName": "chapterFourIndustryExpansion.ts",
        "appended": 3,
        "matchedExisting": 0
      },
      {
        "fileName": "modernCanonExpansion.ts",
        "appended": 27,
        "matchedExisting": 0
      },
      {
        "fileName": "priorityIndieExpansion.ts",
        "appended": 20,
        "matchedExisting": 0
      },
      {
        "fileName": "eastAsianAuteurExpansion.ts",
        "appended": 11,
        "matchedExisting": 0
      },
      {
        "fileName": "japaneseAuteurExpansion.ts",
        "appended": 7,
        "matchedExisting": 0
      },
      {
        "fileName": "southKoreanCinemaExpansion.ts",
        "appended": 4,
        "matchedExisting": 0
      },
      {
        "fileName": "southSoutheastAsianExpansion.ts",
        "appended": 7,
        "matchedExisting": 0
      },
      {
        "fileName": "festivalWinners1981To2009Expansion.ts",
        "appended": 11,
        "matchedExisting": 0
      },
      {
        "fileName": "festivalWinners2010To2024Expansion.ts",
        "appended": 11,
        "matchedExisting": 0
      },
      {
        "fileName": "scandinavianEuropeanExpansion.ts",
        "appended": 15,
        "matchedExisting": 7
      },
      {
        "fileName": "easternIberianBritishExpansion.ts",
        "appended": 23,
        "matchedExisting": 1
      },
      {
        "fileName": "italyFranceGermanyBeneluxExpansion.ts",
        "appended": 25,
        "matchedExisting": 3
      }
    ]
  },
  "candidates": [
    {
      "title": "Blacksmith Scene",
      "year": 1893,
      "aliases": [
        "Blacksmithing Scene",
        "The Blacksmith Shop"
      ],
      "role": "anchor_film",
      "decisionIfMissing": "P0",
      "expectedScenarioId": "scenario_blacksmith_scene_1893",
      "chapterFunction": "Dickson/Heise, Black Maria, Kinetograph/Kinetoscope-era production and a repeatable natural-light studio system.",
      "decision": "USE_EXISTING",
      "scenarioId": "scenario_blacksmith_scene_1893",
      "matches": 1,
      "origin": "chapterOneEarlyCinemaExpansion.ts"
    },
    {
      "title": "Workers Leaving the Lumière Factory",
      "year": 1895,
      "aliases": [
        "Workers Leaving the Lumiere Factory",
        "La Sortie de l'Usine Lumière à Lyon",
        "Sortie d'usine"
      ],
      "role": "anchor_film",
      "decisionIfMissing": "P0",
      "expectedScenarioId": "scenario_workers_leaving_lumiere_factory_1895",
      "chapterFunction": "Actuality, Lumière production practice, framing, event timing and multiple versions.",
      "decision": "USE_EXISTING",
      "scenarioId": "scenario_workers_leaving_lumiere_factory_1895",
      "matches": 1,
      "origin": "chapterOneEarlyCinemaExpansion.ts"
    },
    {
      "title": "L'Arroseur arrosé",
      "year": 1895,
      "aliases": [
        "L'Arroseur arrose",
        "The Sprinkler Sprinkled"
      ],
      "role": "comparative_film",
      "decisionIfMissing": "P2",
      "chapterFunction": "A compact staged gag demonstrating that early Lumière cinema was not limited to actuality.",
      "decision": "P2",
      "scenarioId": null,
      "matches": 0
    },
    {
      "title": "Arrival of a Train at La Ciotat",
      "year": 1896,
      "aliases": [
        "The Arrival of a Train at La Ciotat",
        "Arrival of a Train",
        "L'Arrivée d'un train en gare de La Ciotat"
      ],
      "role": "comparative_film",
      "decisionIfMissing": "P2",
      "chapterFunction": "Actuality, depth, movement through the frame and the historiography of early spectatorship myths.",
      "decision": "P2",
      "scenarioId": null,
      "matches": 0
    },
    {
      "title": "Annabelle Serpentine Dance",
      "year": 1895,
      "aliases": [
        "Annabelle's Serpentine Dance",
        "Serpentine Dance by Annabelle"
      ],
      "role": "historical_object",
      "decisionIfMissing": "P2",
      "chapterFunction": "Performance, attraction and the relationship between recorded movement, stage culture and applied colour.",
      "decision": "P2",
      "scenarioId": null,
      "matches": 0
    },
    {
      "title": "The Big Swallow",
      "year": 1901,
      "aliases": [],
      "role": "comparative_film",
      "decisionIfMissing": "P2",
      "chapterFunction": "Camera proximity, scale change and direct experimentation with the spectator-camera relationship.",
      "decision": "P2",
      "scenarioId": null,
      "matches": 0
    },
    {
      "title": "Fire!",
      "year": 1901,
      "aliases": [
        "Fire"
      ],
      "role": "comparative_film",
      "decisionIfMissing": "P1",
      "expectedScenarioId": "scenario_fire_1901",
      "chapterFunction": "Multi-shot action, matching movement and the construction of connected film space in early British cinema.",
      "decision": "USE_EXISTING",
      "scenarioId": "scenario_fire_1901",
      "matches": 1,
      "origin": "chapterOneEarlyCinemaExpansion.ts"
    },
    {
      "title": "A Trip to the Moon",
      "year": 1902,
      "aliases": [
        "Le voyage dans la lune"
      ],
      "role": "anchor_film",
      "decisionIfMissing": "EXISTING_REQUIRED",
      "expectedScenarioId": "scenario_a_trip_to_the_moon_1902",
      "chapterFunction": "The chapter's principal close reading of trick film, theatrical staging, designed screen space and transformation effects.",
      "decision": "USE_EXISTING",
      "scenarioId": "scenario_a_trip_to_the_moon_1902",
      "matches": 1,
      "origin": "earlyCinemaExpansion.ts"
    },
    {
      "title": "Life of an American Fireman",
      "year": 1903,
      "aliases": [
        "The Life of an American Fireman"
      ],
      "role": "comparative_film",
      "decisionIfMissing": "P1",
      "expectedScenarioId": "scenario_life_of_an_american_fireman_1903",
      "chapterFunction": "Original scene-based rescue construction and the version-history problem created by a later cross-cut re-edit once mistaken for Porter's original.",
      "decision": "USE_EXISTING",
      "scenarioId": "scenario_life_of_an_american_fireman_1903",
      "matches": 1,
      "origin": "chapterOneEarlyCinemaExpansion.ts"
    },
    {
      "title": "The Great Train Robbery",
      "year": 1903,
      "aliases": [
        "Great Train Robbery"
      ],
      "role": "anchor_film",
      "decisionIfMissing": "P0",
      "expectedScenarioId": "scenario_the_great_train_robbery_1903",
      "chapterFunction": "Narrative scale, multiple locations, action, effects, shot construction and historically specific pre-continuity organization without an inventor-of-editing myth.",
      "decision": "USE_EXISTING",
      "scenarioId": "scenario_the_great_train_robbery_1903",
      "matches": 1,
      "origin": "chapterOneEarlyCinemaExpansion.ts"
    },
    {
      "title": "Rescued by Rover",
      "year": 1905,
      "aliases": [],
      "role": "comparative_film",
      "decisionIfMissing": "P1",
      "expectedScenarioId": "scenario_rescued_by_rover_1905",
      "chapterFunction": "Repeated routes, stable landmarks, animal performance and causal shot order as a bridge toward more systematic spatial continuity.",
      "decision": "USE_EXISTING",
      "scenarioId": "scenario_rescued_by_rover_1905",
      "matches": 1,
      "origin": "chapterOneRescuedByRoverExpansion.ts"
    }
  ],
  "byDecision": {
    "USE_EXISTING": [
      "Blacksmith Scene",
      "Workers Leaving the Lumière Factory",
      "Fire!",
      "A Trip to the Moon",
      "Life of an American Fireman",
      "The Great Train Robbery",
      "Rescued by Rover"
    ],
    "P0": [],
    "P1": [],
    "P2": [
      "L'Arroseur arrosé",
      "Arrival of a Train at La Ciotat",
      "Annabelle Serpentine Dance",
      "The Big Swallow"
    ],
    "AMBIGUOUS": [],
    "EXISTING_REQUIRED": []
  },
  "historicalObjects": [
    {
      "label": "Eadweard Muybridge motion studies",
      "role": "historical_object",
      "atlasDecision": "NO_PRODUCTION_CASE"
    },
    {
      "label": "Étienne-Jules Marey chronophotography",
      "role": "historical_object",
      "atlasDecision": "NO_PRODUCTION_CASE"
    },
    {
      "label": "Kinetograph / Kinetoscope / Black Maria",
      "role": "historical_object",
      "atlasDecision": "NO_PRODUCTION_CASE"
    },
    {
      "label": "Cinématographe and competing projection systems",
      "role": "historical_object",
      "atlasDecision": "NO_PRODUCTION_CASE"
    }
  ],
  "remainingProductionCases": {
    "P0": [],
    "P1": [],
    "P2BookReferenceOnly": [
      "L'Arroseur arrosé",
      "Arrival of a Train at La Ciotat",
      "Annabelle Serpentine Dance",
      "The Big Swallow"
    ]
  },
  "structuralProblems": []
}
HG_FILM_HISTORY_CHAPTER_ONE_ATLAS_AUDIT_END

> hg-film-producer@0.1.0 audit:film-history-ch2
> node scripts/film-history-chapter-two-atlas-audit.mjs

HG_FILM_HISTORY_CHAPTER_TWO_ATLAS_AUDIT_START
{
  "schemaVersion": "1.3",
  "auditDate": "2026-08-14",
  "chapter": {
    "number": 2,
    "title": "Projection, programmes and audiences",
    "scope": "Overlapping the late 1890s and early 1900s: projection venues, programme construction, exhibition economics, showmanship and the emergence of dedicated film audiences before the book turns fully to narrative form in Chapter 3.",
    "thesis": "Cinema became a mass medium not only because films could be made, but because exhibitors assembled programmes, adapted presentation to specific venues and cultivated audiences whose demand reshaped production and distribution."
  },
  "atlas": {
    "expectedCount": 394,
    "actualCount": 394,
    "expansionOrder": [
      {
        "fileName": "earlyCinemaExpansion.ts",
        "appended": 56,
        "matchedExisting": 2
      },
      {
        "fileName": "chapterOneEarlyCinemaExpansion.ts",
        "appended": 5,
        "matchedExisting": 0
      },
      {
        "fileName": "chapterOneRescuedByRoverExpansion.ts",
        "appended": 1,
        "matchedExisting": 0
      },
      {
        "fileName": "chapterTwoExhibitionExpansion.ts",
        "appended": 3,
        "matchedExisting": 0
      },
      {
        "fileName": "chapterThreeNarrativeExpansion.ts",
        "appended": 4,
        "matchedExisting": 0
      },
      {
        "fileName": "chapterFourIndustryExpansion.ts",
        "appended": 3,
        "matchedExisting": 0
      },
      {
        "fileName": "modernCanonExpansion.ts",
        "appended": 27,
        "matchedExisting": 0
      },
      {
        "fileName": "priorityIndieExpansion.ts",
        "appended": 20,
        "matchedExisting": 0
      },
      {
        "fileName": "eastAsianAuteurExpansion.ts",
        "appended": 11,
        "matchedExisting": 0
      },
      {
        "fileName": "japaneseAuteurExpansion.ts",
        "appended": 7,
        "matchedExisting": 0
      },
      {
        "fileName": "southKoreanCinemaExpansion.ts",
        "appended": 4,
        "matchedExisting": 0
      },
      {
        "fileName": "southSoutheastAsianExpansion.ts",
        "appended": 7,
        "matchedExisting": 0
      },
      {
        "fileName": "festivalWinners1981To2009Expansion.ts",
        "appended": 11,
        "matchedExisting": 0
      },
      {
        "fileName": "festivalWinners2010To2024Expansion.ts",
        "appended": 11,
        "matchedExisting": 0
      },
      {
        "fileName": "scandinavianEuropeanExpansion.ts",
        "appended": 15,
        "matchedExisting": 7
      },
      {
        "fileName": "easternIberianBritishExpansion.ts",
        "appended": 23,
        "matchedExisting": 1
      },
      {
        "fileName": "italyFranceGermanyBeneluxExpansion.ts",
        "appended": 25,
        "matchedExisting": 3
      }
    ]
  },
  "candidates": [
    {
      "title": "Workers Leaving the Lumière Factory",
      "year": 1895,
      "aliases": [
        "Workers Leaving the Lumiere Factory",
        "La Sortie de l'Usine Lumière à Lyon",
        "Sortie d'usine"
      ],
      "role": "anchor_film",
      "decisionIfMissing": "EXISTING_REQUIRED",
      "expectedScenarioId": "scenario_workers_leaving_lumiere_factory_1895",
      "chapterFunction": "Connect the Lumière projected-programme breakthrough to a film already produced for the 1895 demonstration and exhibition system.",
      "decision": "USE_EXISTING",
      "scenarioId": "scenario_workers_leaving_lumiere_factory_1895",
      "matches": 1,
      "origin": "chapterOneEarlyCinemaExpansion.ts"
    },
    {
      "title": "May Irwin Kiss",
      "year": 1896,
      "aliases": [
        "May Irwin kiss",
        "The May Irwin Kiss",
        "The Kiss",
        "Kiss"
      ],
      "role": "comparative_film",
      "decisionIfMissing": "P2",
      "chapterFunction": "Vaudeville celebrity, newspaper promotion and a highly popular Vitascope subject show how familiar stage performance was repackaged for projected film audiences.",
      "decision": "P2",
      "scenarioId": null,
      "matches": 0
    },
    {
      "title": "The Corbett-Fitzsimmons Fight",
      "year": 1897,
      "aliases": [
        "The Corbett–Fitzsimmons Fight",
        "Corbett-Fitzsimmons Fight",
        "Corbett Fitzsimmons Fight",
        "The Corbett and Fitzsimmons Fight"
      ],
      "role": "anchor_film",
      "decisionIfMissing": "P0",
      "expectedScenarioId": "scenario_the_corbett_fitzsimmons_fight_1897",
      "chapterFunction": "A feature-length event whose proprietary Veriscope format, controlled projection, live commentary, territorial distribution and ticket economics make exhibition part of the production system.",
      "decision": "USE_EXISTING",
      "scenarioId": "scenario_the_corbett_fitzsimmons_fight_1897",
      "matches": 1,
      "origin": "chapterTwoExhibitionExpansion.ts"
    },
    {
      "title": "Employees Leaving Brown's Atlas Works, Sheffield",
      "year": 1901,
      "aliases": [
        "Employees Leaving Brown's Atlas Works",
        "Employees Leaving Brown’s Atlas Works, Sheffield"
      ],
      "role": "comparative_film",
      "decisionIfMissing": "P1",
      "expectedScenarioId": "scenario_employees_leaving_browns_atlas_works_sheffield_1901",
      "chapterFunction": "Mitchell and Kenyon's local-film business model turns the people photographed into the paying audience and makes commissioning, staging and exhibition inseparable.",
      "decision": "USE_EXISTING",
      "scenarioId": "scenario_employees_leaving_browns_atlas_works_sheffield_1901",
      "matches": 1,
      "origin": "chapterTwoExhibitionExpansion.ts"
    },
    {
      "title": "Sedgwick's Bioscope Showfront at Pendlebury Wakes",
      "year": 1901,
      "aliases": [
        "Sedgwick’s Bioscope Showfront at Pendlebury Wakes",
        "Sedgwicks Bioscope Showfront at Pendlebury Wakes"
      ],
      "role": "historical_object",
      "decisionIfMissing": "P2",
      "chapterFunction": "Direct evidence of fairground showmanship, repeated daily screenings and the relationship between filmmakers and travelling bioscope exhibitors; book-level use is sufficient.",
      "decision": "P2",
      "scenarioId": null,
      "matches": 0
    },
    {
      "title": "Uncle Josh at the Moving Picture Show",
      "year": 1902,
      "aliases": [
        "Uncle Josh at the moving picture show",
        "Uncle Josh and the Moving Picture Show"
      ],
      "role": "comparative_film",
      "decisionIfMissing": "P1",
      "expectedScenarioId": "scenario_uncle_josh_at_the_moving_picture_show_1902",
      "chapterFunction": "A reflexive comedy that stages spectator behaviour, a projection screen and the projectionist, allowing the chapter to distinguish fictional audience stereotypes from documented audience history.",
      "decision": "USE_EXISTING",
      "scenarioId": "scenario_uncle_josh_at_the_moving_picture_show_1902",
      "matches": 1,
      "origin": "chapterTwoExhibitionExpansion.ts"
    },
    {
      "title": "A Trip to the Moon",
      "year": 1902,
      "aliases": [
        "Le voyage dans la lune"
      ],
      "role": "comparative_film",
      "decisionIfMissing": "EXISTING_REQUIRED",
      "expectedScenarioId": "scenario_a_trip_to_the_moon_1902",
      "chapterFunction": "Reuse the existing case for international circulation, programme value and the commercial afterlife of a highly exportable attraction film.",
      "decision": "USE_EXISTING",
      "scenarioId": "scenario_a_trip_to_the_moon_1902",
      "matches": 1,
      "origin": "earlyCinemaExpansion.ts"
    },
    {
      "title": "The Great Train Robbery",
      "year": 1903,
      "aliases": [
        "Great Train Robbery"
      ],
      "role": "comparative_film",
      "decisionIfMissing": "EXISTING_REQUIRED",
      "expectedScenarioId": "scenario_the_great_train_robbery_1903",
      "chapterFunction": "Reuse the existing case to show how exhibitors retained agency over presentation, including the flexible placement of the direct-address bandit shot.",
      "decision": "USE_EXISTING",
      "scenarioId": "scenario_the_great_train_robbery_1903",
      "matches": 1,
      "origin": "chapterOneEarlyCinemaExpansion.ts"
    }
  ],
  "byDecision": {
    "USE_EXISTING": [
      "Workers Leaving the Lumière Factory",
      "The Corbett-Fitzsimmons Fight",
      "Employees Leaving Brown's Atlas Works, Sheffield",
      "Uncle Josh at the Moving Picture Show",
      "A Trip to the Moon",
      "The Great Train Robbery"
    ],
    "P0": [],
    "P1": [],
    "P2": [
      "May Irwin Kiss",
      "Sedgwick's Bioscope Showfront at Pendlebury Wakes"
    ],
    "AMBIGUOUS": [],
    "EXISTING_REQUIRED": []
  },
  "historicalObjects": [
    {
      "label": "Lumière Grand Café programme, 28 December 1895",
      "role": "historical_object",
      "atlasDecision": "NO_PRODUCTION_CASE",
      "chapterFunction": "Programme composition matters more than treating one title as a self-sufficient modern screening."
    },
    {
      "label": "Vitascope / Koster and Bial's Music Hall exhibition, 23 April 1896",
      "role": "historical_object",
      "atlasDecision": "NO_PRODUCTION_CASE",
      "chapterFunction": "Projection machinery entered an existing variety-theatre bill rather than instantly creating a standalone cinema institution."
    },
    {
      "label": "Vitascope advertising poster and exhibitor publicity",
      "role": "historical_object",
      "atlasDecision": "NO_PRODUCTION_CASE",
      "chapterFunction": "Advertising sold projection itself as an attraction and made the watching audience part of the spectacle's public image."
    },
    {
      "label": "Edison film catalogues and exhibitor-selected programme order",
      "role": "historical_object",
      "atlasDecision": "NO_PRODUCTION_CASE",
      "chapterFunction": "Exhibitors selected and sequenced short subjects, so the programme—not an individual film alone—was a key unit of early cinema experience."
    },
    {
      "label": "Fairground and travelling-show bioscope exhibition",
      "role": "historical_object",
      "atlasDecision": "NO_PRODUCTION_CASE",
      "chapterFunction": "Travelling exhibitors, showfronts and local commissioning connected filmmaking to seasonal leisure economies and geographically specific audiences."
    },
    {
      "label": "Nickelodeon storefront theatre, c. 1905–1908",
      "role": "historical_object",
      "atlasDecision": "NO_PRODUCTION_CASE",
      "chapterFunction": "Dedicated, frequent low-cost screenings changed audience access and helped make film exhibition a stable urban institution."
    }
  ],
  "recommendedNewProductionCases": [],
  "remainingBookReferenceOnlyFilms": [
    "May Irwin Kiss",
    "Sedgwick's Bioscope Showfront at Pendlebury Wakes"
  ],
  "structuralProblems": []
}
HG_FILM_HISTORY_CHAPTER_TWO_ATLAS_AUDIT_END

> hg-film-producer@0.1.0 audit:film-history-ch3
> node scripts/film-history-chapter-three-atlas-audit.mjs

HG_FILM_HISTORY_CHAPTER_THREE_ATLAS_AUDIT_START
{
  "schemaVersion": "1.3",
  "auditDate": "2026-08-14",
  "chapter": {
    "number": 3,
    "title": "From views to stories",
    "period": "1896–1912",
    "scope": "The transition from single-view staging and attraction toward analytical viewpoint, linked scenes, narrative time, route continuity and increasingly systematic parallel action.",
    "thesis": "Narrative cinema did not replace attractions in one breakthrough; filmmakers gradually organized viewpoint, space, causality and time across shots while retaining earlier forms."
  },
  "atlas": {
    "expectedCount": 394,
    "actualCount": 394,
    "expansionOrder": [
      {
        "fileName": "earlyCinemaExpansion.ts",
        "appended": 56,
        "matchedExisting": 2
      },
      {
        "fileName": "chapterOneEarlyCinemaExpansion.ts",
        "appended": 5,
        "matchedExisting": 0
      },
      {
        "fileName": "chapterOneRescuedByRoverExpansion.ts",
        "appended": 1,
        "matchedExisting": 0
      },
      {
        "fileName": "chapterTwoExhibitionExpansion.ts",
        "appended": 3,
        "matchedExisting": 0
      },
      {
        "fileName": "chapterThreeNarrativeExpansion.ts",
        "appended": 4,
        "matchedExisting": 0
      },
      {
        "fileName": "chapterFourIndustryExpansion.ts",
        "appended": 3,
        "matchedExisting": 0
      },
      {
        "fileName": "modernCanonExpansion.ts",
        "appended": 27,
        "matchedExisting": 0
      },
      {
        "fileName": "priorityIndieExpansion.ts",
        "appended": 20,
        "matchedExisting": 0
      },
      {
        "fileName": "eastAsianAuteurExpansion.ts",
        "appended": 11,
        "matchedExisting": 0
      },
      {
        "fileName": "japaneseAuteurExpansion.ts",
        "appended": 7,
        "matchedExisting": 0
      },
      {
        "fileName": "southKoreanCinemaExpansion.ts",
        "appended": 4,
        "matchedExisting": 0
      },
      {
        "fileName": "southSoutheastAsianExpansion.ts",
        "appended": 7,
        "matchedExisting": 0
      },
      {
        "fileName": "festivalWinners1981To2009Expansion.ts",
        "appended": 11,
        "matchedExisting": 0
      },
      {
        "fileName": "festivalWinners2010To2024Expansion.ts",
        "appended": 11,
        "matchedExisting": 0
      },
      {
        "fileName": "scandinavianEuropeanExpansion.ts",
        "appended": 15,
        "matchedExisting": 7
      },
      {
        "fileName": "easternIberianBritishExpansion.ts",
        "appended": 23,
        "matchedExisting": 1
      },
      {
        "fileName": "italyFranceGermanyBeneluxExpansion.ts",
        "appended": 25,
        "matchedExisting": 3
      }
    ]
  },
  "candidates": [
    {
      "title": "Cendrillon",
      "year": 1899,
      "aliases": [
        "Cinderella"
      ],
      "role": "comparative_film",
      "decisionIfMissing": "P2",
      "chapterFunction": "Book-level comparison for Méliès's early multiple-tableau fairy-tale construction.",
      "decision": "P2",
      "scenarioId": null,
      "matches": 0
    },
    {
      "title": "Grandma's Reading Glass",
      "year": 1900,
      "aliases": [
        "Grandmother's Reading Glass",
        "Grandmas Reading Glass"
      ],
      "role": "anchor_film",
      "decisionIfMissing": "P0",
      "expectedScenarioId": "scenario_grandmas_reading_glass_1900",
      "chapterFunction": "Analytical viewpoint and motivated magnified inserts.",
      "decision": "USE_EXISTING",
      "scenarioId": "scenario_grandmas_reading_glass_1900",
      "matches": 1,
      "origin": "chapterThreeNarrativeExpansion.ts"
    },
    {
      "title": "Attack on a China Mission - Bluejackets to the Rescue",
      "year": 1900,
      "aliases": [
        "Attack on a China Mission",
        "Attack on a China Mission – Bluejackets to the Rescue",
        "Attack on a China Mission: Bluejackets to the Rescue",
        "Attack on a China Mission (Bluejackets to the Rescue)"
      ],
      "role": "comparative_film",
      "decisionIfMissing": "P1",
      "expectedScenarioId": "scenario_attack_on_a_china_mission_bluejackets_to_the_rescue_1900",
      "chapterFunction": "Version history, connected screen space, archive provenance and imperial representation.",
      "decision": "USE_EXISTING",
      "scenarioId": "scenario_attack_on_a_china_mission_bluejackets_to_the_rescue_1900",
      "matches": 1,
      "origin": "chapterThreeNarrativeExpansion.ts"
    },
    {
      "title": "Histoire d'un crime",
      "year": 1901,
      "aliases": [
        "History of a Crime",
        "The Story of a Crime",
        "Story of a Crime"
      ],
      "role": "comparative_film",
      "decisionIfMissing": "P1",
      "expectedScenarioId": "scenario_histoire_d_un_crime_1901",
      "chapterFunction": "Pathé crime drama using multiple tableaux and represented recollection to organize narrative time.",
      "decision": "USE_EXISTING",
      "scenarioId": "scenario_histoire_d_un_crime_1901",
      "matches": 1,
      "origin": "chapterThreeNarrativeExpansion.ts"
    },
    {
      "title": "Stop Thief!",
      "year": 1901,
      "aliases": [
        "Stop Thief"
      ],
      "role": "comparative_film",
      "decisionIfMissing": "P2",
      "chapterFunction": "Book-level chase comparison.",
      "decision": "P2",
      "scenarioId": null,
      "matches": 0
    },
    {
      "title": "Fire!",
      "year": 1901,
      "aliases": [
        "Fire"
      ],
      "role": "anchor_film",
      "decisionIfMissing": "EXISTING_REQUIRED",
      "expectedScenarioId": "scenario_fire_1901",
      "chapterFunction": "Connected multi-shot action and constructed space.",
      "decision": "USE_EXISTING",
      "scenarioId": "scenario_fire_1901",
      "matches": 1,
      "origin": "chapterOneEarlyCinemaExpansion.ts"
    },
    {
      "title": "A Trip to the Moon",
      "year": 1902,
      "aliases": [
        "Le voyage dans la lune"
      ],
      "role": "anchor_film",
      "decisionIfMissing": "EXISTING_REQUIRED",
      "expectedScenarioId": "scenario_a_trip_to_the_moon_1902",
      "chapterFunction": "Multiple tableaux, theatrical staging and sustained fantasy construction.",
      "decision": "USE_EXISTING",
      "scenarioId": "scenario_a_trip_to_the_moon_1902",
      "matches": 1,
      "origin": "earlyCinemaExpansion.ts"
    },
    {
      "title": "Life of an American Fireman",
      "year": 1903,
      "aliases": [
        "The Life of an American Fireman"
      ],
      "role": "comparative_film",
      "decisionIfMissing": "EXISTING_REQUIRED",
      "expectedScenarioId": "scenario_life_of_an_american_fireman_1903",
      "chapterFunction": "Original repeated rescue action and later re-edit historiography.",
      "decision": "USE_EXISTING",
      "scenarioId": "scenario_life_of_an_american_fireman_1903",
      "matches": 1,
      "origin": "chapterOneEarlyCinemaExpansion.ts"
    },
    {
      "title": "The Great Train Robbery",
      "year": 1903,
      "aliases": [
        "Great Train Robbery"
      ],
      "role": "anchor_film",
      "decisionIfMissing": "EXISTING_REQUIRED",
      "expectedScenarioId": "scenario_the_great_train_robbery_1903",
      "chapterFunction": "Causal multi-scene action without an inventor-of-editing myth.",
      "decision": "USE_EXISTING",
      "scenarioId": "scenario_the_great_train_robbery_1903",
      "matches": 1,
      "origin": "chapterOneEarlyCinemaExpansion.ts"
    },
    {
      "title": "Mary Jane's Mishap",
      "year": 1903,
      "aliases": [
        "Mary Jane’s Mishap",
        "Mary Jane's Mishap; or, Don't Fool with the Paraffin",
        "Mary Jane’s Mishap; or, Don’t Fool with the Paraffin"
      ],
      "role": "comparative_film",
      "decisionIfMissing": "P2",
      "chapterFunction": "Book-level analytical-cutting comparison.",
      "decision": "P2",
      "scenarioId": null,
      "matches": 0
    },
    {
      "title": "Rescued by Rover",
      "year": 1905,
      "aliases": [
        "Rover"
      ],
      "role": "anchor_film",
      "decisionIfMissing": "EXISTING_REQUIRED",
      "expectedScenarioId": "scenario_rescued_by_rover_1905",
      "chapterFunction": "Repeated routes, stable geography, causal order and version history.",
      "decision": "USE_EXISTING",
      "scenarioId": "scenario_rescued_by_rover_1905",
      "matches": 1,
      "origin": "chapterOneRescuedByRoverExpansion.ts"
    },
    {
      "title": "The Lonely Villa",
      "year": 1909,
      "aliases": [
        "Lonely Villa"
      ],
      "role": "anchor_film",
      "decisionIfMissing": "P0",
      "expectedScenarioId": "scenario_the_lonely_villa_1909",
      "chapterFunction": "Sustained parallel action and narrative convergence without a Griffith-invented-cross-cutting myth.",
      "decision": "USE_EXISTING",
      "scenarioId": "scenario_the_lonely_villa_1909",
      "matches": 1,
      "origin": "chapterThreeNarrativeExpansion.ts"
    },
    {
      "title": "The Lonedale Operator",
      "year": 1911,
      "aliases": [
        "Lonedale Operator"
      ],
      "role": "comparative_film",
      "decisionIfMissing": "P2",
      "chapterFunction": "Book-level later comparison for denser parallel editing and suspense.",
      "decision": "P2",
      "scenarioId": null,
      "matches": 0
    }
  ],
  "byDecision": {
    "USE_EXISTING": [
      "Grandma's Reading Glass",
      "Attack on a China Mission - Bluejackets to the Rescue",
      "Histoire d'un crime",
      "Fire!",
      "A Trip to the Moon",
      "Life of an American Fireman",
      "The Great Train Robbery",
      "Rescued by Rover",
      "The Lonely Villa"
    ],
    "P0": [],
    "P1": [],
    "P2": [
      "Cendrillon",
      "Stop Thief!",
      "Mary Jane's Mishap",
      "The Lonedale Operator"
    ],
    "AMBIGUOUS": [],
    "EXISTING_REQUIRED": []
  },
  "historicalObjects": [
    {
      "label": "Magic-lantern and theatrical tableau traditions",
      "role": "historical_object",
      "atlasDecision": "NO_PRODUCTION_CASE",
      "chapterFunction": "Narrative staging and sequential visual culture predate cinema."
    },
    {
      "label": "Film catalogues, synopses and shot descriptions",
      "role": "historical_object",
      "atlasDecision": "NO_PRODUCTION_CASE",
      "chapterFunction": "Sales descriptions are evidence but not neutral formal analysis."
    },
    {
      "label": "Paper-print copyright deposits",
      "role": "historical_object",
      "atlasDecision": "NO_PRODUCTION_CASE",
      "chapterFunction": "Version evidence can distinguish original structures from later re-edits."
    },
    {
      "label": "Intertitles, lecturers and other narrative framing",
      "role": "historical_object",
      "atlasDecision": "NO_PRODUCTION_CASE",
      "chapterFunction": "Narrative information could exist outside photographed dramatic action."
    },
    {
      "label": "Remakes, replacement negatives and re-edited versions",
      "role": "historical_object",
      "atlasDecision": "NO_PRODUCTION_CASE",
      "chapterFunction": "Version history must remain explicit."
    },
    {
      "label": "Editing conventions as historical practices",
      "role": "historical_object",
      "atlasDecision": "NO_PRODUCTION_CASE",
      "chapterFunction": "Point-of-view inserts, analytical cutting, represented memory, scene linkage and parallel editing are methods, not fake Production Cases."
    }
  ],
  "recommendedNewProductionCases": [],
  "remainingBookReferenceOnlyFilms": [
    "Cendrillon",
    "Stop Thief!",
    "Mary Jane's Mishap",
    "The Lonedale Operator"
  ],
  "structuralProblems": []
}
HG_FILM_HISTORY_CHAPTER_THREE_ATLAS_AUDIT_END

> hg-film-producer@0.1.0 audit:film-history-ch4
> node scripts/film-history-chapter-four-atlas-audit.mjs

HG_FILM_HISTORY_CHAPTER_FOUR_ATLAS_AUDIT_START
{
  "schemaVersion": "1.2",
  "auditDate": "2026-08-14",
  "chapter": {
    "number": 4,
    "title": "Companies, patents and the feature transition",
    "period": "1905–1914",
    "scope": "The reorganization of production and circulation through film exchanges, rental, permanent theatres, patent/licensing systems, company consolidation, independent competition and the move toward multi-reel features.",
    "thesis": "The feature transition was an industrial reorganization as well as a change in film length: longer films became viable through new relations among production, distribution, exhibition, capital, stars and market power."
  },
  "atlas": {
    "expectedCount": 394,
    "actualCount": 394,
    "expansionOrder": [
      {
        "fileName": "earlyCinemaExpansion.ts",
        "appended": 56,
        "matchedExisting": 2
      },
      {
        "fileName": "chapterOneEarlyCinemaExpansion.ts",
        "appended": 5,
        "matchedExisting": 0
      },
      {
        "fileName": "chapterOneRescuedByRoverExpansion.ts",
        "appended": 1,
        "matchedExisting": 0
      },
      {
        "fileName": "chapterTwoExhibitionExpansion.ts",
        "appended": 3,
        "matchedExisting": 0
      },
      {
        "fileName": "chapterThreeNarrativeExpansion.ts",
        "appended": 4,
        "matchedExisting": 0
      },
      {
        "fileName": "chapterFourIndustryExpansion.ts",
        "appended": 3,
        "matchedExisting": 0
      },
      {
        "fileName": "modernCanonExpansion.ts",
        "appended": 27,
        "matchedExisting": 0
      },
      {
        "fileName": "priorityIndieExpansion.ts",
        "appended": 20,
        "matchedExisting": 0
      },
      {
        "fileName": "eastAsianAuteurExpansion.ts",
        "appended": 11,
        "matchedExisting": 0
      },
      {
        "fileName": "japaneseAuteurExpansion.ts",
        "appended": 7,
        "matchedExisting": 0
      },
      {
        "fileName": "southKoreanCinemaExpansion.ts",
        "appended": 4,
        "matchedExisting": 0
      },
      {
        "fileName": "southSoutheastAsianExpansion.ts",
        "appended": 7,
        "matchedExisting": 0
      },
      {
        "fileName": "festivalWinners1981To2009Expansion.ts",
        "appended": 11,
        "matchedExisting": 0
      },
      {
        "fileName": "festivalWinners2010To2024Expansion.ts",
        "appended": 11,
        "matchedExisting": 0
      },
      {
        "fileName": "scandinavianEuropeanExpansion.ts",
        "appended": 15,
        "matchedExisting": 7
      },
      {
        "fileName": "easternIberianBritishExpansion.ts",
        "appended": 23,
        "matchedExisting": 1
      },
      {
        "fileName": "italyFranceGermanyBeneluxExpansion.ts",
        "appended": 25,
        "matchedExisting": 3
      }
    ]
  },
  "candidates": [
    {
      "title": "Rescued by Rover",
      "year": 1905,
      "aliases": [
        "Rover"
      ],
      "role": "comparative_film",
      "decisionIfMissing": "EXISTING_REQUIRED",
      "expectedScenarioId": "scenario_rescued_by_rover_1905",
      "chapterFunction": "Company-scale repeatability, replacement negatives and a commercially successful production whose reproducibility was an industrial problem as well as a formal one.",
      "decision": "USE_EXISTING",
      "scenarioId": "scenario_rescued_by_rover_1905",
      "matches": 1,
      "origin": "chapterOneRescuedByRoverExpansion.ts"
    },
    {
      "title": "The Story of the Kelly Gang",
      "year": 1906,
      "aliases": [
        "Story of the Kelly Gang"
      ],
      "role": "anchor_film",
      "decisionIfMissing": "P0",
      "expectedScenarioId": "scenario_the_story_of_the_kelly_gang_1906",
      "chapterFunction": "Feature-length transition: exhibitor-producers, multi-reel scale, location production, touring circulation and the economics of a film designed to sustain an hour-long dramatic attraction.",
      "decision": "USE_EXISTING",
      "scenarioId": "scenario_the_story_of_the_kelly_gang_1906",
      "matches": 1,
      "origin": "chapterFourIndustryExpansion.ts"
    },
    {
      "title": "L'Assassinat du duc de Guise",
      "year": 1908,
      "aliases": [
        "The Assassination of the Duke of Guise",
        "The Assassination of the Duc de Guise"
      ],
      "role": "comparative_film",
      "decisionIfMissing": "P2",
      "chapterFunction": "Book-level Film d'Art comparison for prestige culture and the movement toward longer, higher-status programmes without requiring a separate Production Case here.",
      "decision": "P2",
      "scenarioId": null,
      "matches": 0
    },
    {
      "title": "The Lonely Villa",
      "year": 1909,
      "aliases": [
        "Lonely Villa"
      ],
      "role": "comparative_film",
      "decisionIfMissing": "EXISTING_REQUIRED",
      "expectedScenarioId": "scenario_the_lonely_villa_1909",
      "chapterFunction": "Biograph studio/location organization as a company workflow during rapid industrial consolidation.",
      "decision": "USE_EXISTING",
      "scenarioId": "scenario_the_lonely_villa_1909",
      "matches": 1,
      "origin": "chapterThreeNarrativeExpansion.ts"
    },
    {
      "title": "Queen Elizabeth",
      "year": 1912,
      "aliases": [
        "La Reine Elisabeth",
        "La Reine Élisabeth",
        "Les Amours de la reine Élisabeth",
        "Les Amours de la reine Elisabeth",
        "The Loves of Queen Elizabeth"
      ],
      "role": "comparative_film",
      "decisionIfMissing": "P1",
      "expectedScenarioId": "scenario_queen_elizabeth_1912",
      "chapterFunction": "Prestige performer, imported multi-reel feature and distribution entrepreneurship at the moment longer films became commercially viable in the United States.",
      "decision": "USE_EXISTING",
      "scenarioId": "scenario_queen_elizabeth_1912",
      "matches": 1,
      "origin": "chapterFourIndustryExpansion.ts"
    },
    {
      "title": "Traffic in Souls",
      "year": 1913,
      "aliases": [
        "While New York Sleeps",
        "While New York Sleeps: A Photodrama of Today"
      ],
      "role": "comparative_film",
      "decisionIfMissing": "P1",
      "expectedScenarioId": "scenario_traffic_in_souls_1913",
      "chapterFunction": "Early American feature economics: independent production, sustained feature booking and a non-literary sensational subject that tested the commercial logic of longer films.",
      "decision": "USE_EXISTING",
      "scenarioId": "scenario_traffic_in_souls_1913",
      "matches": 1,
      "origin": "chapterFourIndustryExpansion.ts"
    },
    {
      "title": "Quo Vadis?",
      "year": 1913,
      "aliases": [
        "Quo Vadis"
      ],
      "role": "comparative_film",
      "decisionIfMissing": "P2",
      "chapterFunction": "Book-level evidence for the imported European epic and the international pressure behind feature-length exhibition; stronger Production Case priority belongs to the Chapter 5 international-cinema audit.",
      "decision": "P2",
      "scenarioId": null,
      "matches": 0
    },
    {
      "title": "Cabiria",
      "year": 1914,
      "aliases": [],
      "role": "comparative_film",
      "decisionIfMissing": "P2",
      "chapterFunction": "Book-level terminal comparison for feature spectacle and international circulation at the Chapter 4/5 boundary; do not auto-produce before the Chapter 5 audit.",
      "decision": "P2",
      "scenarioId": null,
      "matches": 0
    }
  ],
  "byDecision": {
    "USE_EXISTING": [
      "Rescued by Rover",
      "The Story of the Kelly Gang",
      "The Lonely Villa",
      "Queen Elizabeth",
      "Traffic in Souls"
    ],
    "P0": [],
    "P1": [],
    "P2": [
      "L'Assassinat du duc de Guise",
      "Quo Vadis?",
      "Cabiria"
    ],
    "AMBIGUOUS": [],
    "EXISTING_REQUIRED": []
  },
  "historicalObjects": [
    {
      "label": "Film exchanges and print rental",
      "role": "historical_object",
      "atlasDecision": "NO_PRODUCTION_CASE",
      "chapterFunction": "The shift from print sales toward rental distribution changed how exhibitors accessed programmes and how producers could regularize circulation."
    },
    {
      "label": "Nickelodeons and purpose-built theatres",
      "role": "historical_object",
      "atlasDecision": "NO_PRODUCTION_CASE",
      "chapterFunction": "Permanent venues created daily demand and a stable exhibition market; they are institutions, not film Production Cases."
    },
    {
      "label": "Edison patent litigation and license agreements",
      "role": "historical_object",
      "atlasDecision": "NO_PRODUCTION_CASE",
      "chapterFunction": "Patent claims and licensing shaped competition before and during the formation of the Motion Picture Patents Company."
    },
    {
      "label": "Motion Picture Patents Company (MPPC)",
      "role": "historical_object",
      "atlasDecision": "NO_PRODUCTION_CASE",
      "chapterFunction": "The 1908 patent pool linked producers, exchanges, theatres and film-stock supply in an attempt to regulate the American market."
    },
    {
      "label": "General Film Company",
      "role": "historical_object",
      "atlasDecision": "NO_PRODUCTION_CASE",
      "chapterFunction": "The MPPC-linked distribution company consolidated licensed exchanges and made distribution structure itself a site of industrial power."
    },
    {
      "label": "Independent producers and distributors",
      "role": "historical_object",
      "atlasDecision": "NO_PRODUCTION_CASE",
      "chapterFunction": "The independent sector challenged licensed-company control and helped create alternative feature-production and distribution strategies."
    },
    {
      "label": "Multi-reel and feature booking practices",
      "role": "historical_object",
      "atlasDecision": "NO_PRODUCTION_CASE",
      "chapterFunction": "Feature length was not only an aesthetic category: longer films changed pricing, programme structure, risk, touring and theatre booking."
    }
  ],
  "recommendedNewProductionCases": [],
  "remainingBookReferenceOnlyFilms": [
    "L'Assassinat du duc de Guise",
    "Quo Vadis?",
    "Cabiria"
  ],
  "structuralProblems": []
}
HG_FILM_HISTORY_CHAPTER_FOUR_ATLAS_AUDIT_END

> hg-film-producer@0.1.0 audit:film-history-ch5
> node scripts/film-history-chapter-five-atlas-audit.mjs

HG_FILM_HISTORY_CHAPTER_FIVE_ATLAS_AUDIT_START
{
  "schemaVersion": "1.0",
  "auditDate": "2026-08-15",
  "chapter": {
    "number": 5,
    "title": "Cinema becomes international",
    "period": "1907–1914",
    "scope": "Prewar cinema as a transnational system in which French, Italian, Danish, American and other production centres competed through export networks, stars, genres and increasingly long feature-scale attractions.",
    "thesis": "National cinemas were international from the start: companies, performers, stories, rights, prints and exhibition practices moved across borders, and feature scale became one of several strategies for winning export markets."
  },
  "atlas": {
    "expectedCount": 398,
    "actualCount": 398,
    "expansionOrder": [
      {
        "fileName": "earlyCinemaExpansion.ts",
        "appended": 56,
        "matchedExisting": 2
      },
      {
        "fileName": "chapterOneEarlyCinemaExpansion.ts",
        "appended": 5,
        "matchedExisting": 0
      },
      {
        "fileName": "chapterOneRescuedByRoverExpansion.ts",
        "appended": 1,
        "matchedExisting": 0
      },
      {
        "fileName": "chapterTwoExhibitionExpansion.ts",
        "appended": 3,
        "matchedExisting": 0
      },
      {
        "fileName": "chapterThreeNarrativeExpansion.ts",
        "appended": 4,
        "matchedExisting": 0
      },
      {
        "fileName": "chapterFourIndustryExpansion.ts",
        "appended": 3,
        "matchedExisting": 0
      },
      {
        "fileName": "chapterFiveInternationalExpansion.ts",
        "appended": 4,
        "matchedExisting": 0
      },
      {
        "fileName": "modernCanonExpansion.ts",
        "appended": 27,
        "matchedExisting": 0
      },
      {
        "fileName": "priorityIndieExpansion.ts",
        "appended": 20,
        "matchedExisting": 0
      },
      {
        "fileName": "eastAsianAuteurExpansion.ts",
        "appended": 11,
        "matchedExisting": 0
      },
      {
        "fileName": "japaneseAuteurExpansion.ts",
        "appended": 7,
        "matchedExisting": 0
      },
      {
        "fileName": "southKoreanCinemaExpansion.ts",
        "appended": 4,
        "matchedExisting": 0
      },
      {
        "fileName": "southSoutheastAsianExpansion.ts",
        "appended": 7,
        "matchedExisting": 0
      },
      {
        "fileName": "festivalWinners1981To2009Expansion.ts",
        "appended": 11,
        "matchedExisting": 0
      },
      {
        "fileName": "festivalWinners2010To2024Expansion.ts",
        "appended": 11,
        "matchedExisting": 0
      },
      {
        "fileName": "scandinavianEuropeanExpansion.ts",
        "appended": 15,
        "matchedExisting": 7
      },
      {
        "fileName": "easternIberianBritishExpansion.ts",
        "appended": 23,
        "matchedExisting": 1
      },
      {
        "fileName": "italyFranceGermanyBeneluxExpansion.ts",
        "appended": 25,
        "matchedExisting": 3
      }
    ]
  },
  "candidates": [
    {
      "title": "Queen Elizabeth",
      "year": 1912,
      "aliases": [
        "La Reine Elisabeth",
        "La Reine Élisabeth",
        "Les Amours de la reine Élisabeth",
        "Les Amours de la reine Elisabeth",
        "The Loves of Queen Elizabeth"
      ],
      "role": "comparative_film",
      "decisionIfMissing": "EXISTING_REQUIRED",
      "expectedScenarioId": "scenario_queen_elizabeth_1912",
      "chapterFunction": "French prestige production and Sarah Bernhardt's transatlantic star value, coupled to the United States import-rights business that helped normalize multi-reel features.",
      "decision": "USE_EXISTING",
      "scenarioId": "scenario_queen_elizabeth_1912",
      "matches": 1,
      "origin": "chapterFourIndustryExpansion.ts"
    },
    {
      "title": "Traffic in Souls",
      "year": 1913,
      "aliases": [
        "While New York Sleeps",
        "While New York Sleeps: A Photodrama of Today"
      ],
      "role": "comparative_film",
      "decisionIfMissing": "EXISTING_REQUIRED",
      "expectedScenarioId": "scenario_traffic_in_souls_1913",
      "chapterFunction": "American independent feature production and distribution as a comparison with the European export systems transforming the same market.",
      "decision": "USE_EXISTING",
      "scenarioId": "scenario_traffic_in_souls_1913",
      "matches": 1,
      "origin": "chapterFourIndustryExpansion.ts"
    },
    {
      "title": "Fantômas",
      "year": 1913,
      "aliases": [
        "Fantomas"
      ],
      "role": "anchor_film",
      "decisionIfMissing": "P0",
      "chapterFunction": "Gaumont-scale French genre production: recurring criminal identity, popular-literary adaptation, serial continuity and international circulation inside an established company system.",
      "decision": "USE_EXISTING",
      "scenarioId": "scenario_fantomas_1913",
      "matches": 1,
      "origin": "chapterFiveInternationalExpansion.ts"
    },
    {
      "title": "Cabiria",
      "year": 1914,
      "aliases": [],
      "role": "anchor_film",
      "decisionIfMissing": "P0",
      "chapterFunction": "Italian feature spectacle at export scale: large production design, historical epic form, prestige authorship, music and worldwide circulation immediately before World War I.",
      "decision": "USE_EXISTING",
      "scenarioId": "scenario_cabiria_1914",
      "matches": 1,
      "origin": "chapterFiveInternationalExpansion.ts"
    },
    {
      "title": "Afgrunden",
      "year": 1910,
      "aliases": [
        "The Abyss",
        "Der Abgrund",
        "Woman Always Pays"
      ],
      "role": "comparative_film",
      "decisionIfMissing": "P1",
      "chapterFunction": "Danish erotic melodrama and Asta Nielsen's screen-star breakthrough, showing how performance style and star identity could travel beyond a small national production market.",
      "decision": "USE_EXISTING",
      "scenarioId": "scenario_afgrunden_1910",
      "matches": 1,
      "origin": "chapterFiveInternationalExpansion.ts"
    },
    {
      "title": "Atlantis",
      "year": 1913,
      "aliases": [],
      "role": "comparative_film",
      "decisionIfMissing": "P1",
      "chapterFunction": "Nordisk Film's ambitious international feature strategy: literary prestige, transatlantic narrative scale, differentiated endings and a production designed for export markets.",
      "decision": "USE_EXISTING",
      "scenarioId": "scenario_atlantis_1913",
      "matches": 1,
      "origin": "chapterFiveInternationalExpansion.ts"
    },
    {
      "title": "L'Assassinat du duc de Guise",
      "year": 1908,
      "aliases": [
        "The Assassination of the Duke of Guise",
        "The Assassination of the Duc de Guise"
      ],
      "role": "comparative_film",
      "decisionIfMissing": "P2",
      "chapterFunction": "Film d'Art prestige culture and Pathé-linked circulation remain important book evidence, but Queen Elizabeth and Fantômas carry stronger distinct Production Case functions.",
      "decision": "P2",
      "scenarioId": null,
      "matches": 0
    },
    {
      "title": "The White Slave Trade",
      "year": 1910,
      "aliases": [
        "Den hvide Slavehandel"
      ],
      "role": "comparative_film",
      "decisionIfMissing": "P2",
      "chapterFunction": "Danish multi-reel competition and rapid imitation are valuable for the chapter text, but Afgrunden and Atlantis provide less version-confused Production Case anchors.",
      "decision": "P2",
      "scenarioId": null,
      "matches": 0
    },
    {
      "title": "L'Inferno",
      "year": 1911,
      "aliases": [
        "Inferno",
        "Dante's Inferno"
      ],
      "role": "comparative_film",
      "decisionIfMissing": "P2",
      "chapterFunction": "Italian feature-length literary spectacle before Cabiria; retained as book-level evidence so the chapter does not create redundant epic Production Cases.",
      "decision": "P2",
      "scenarioId": null,
      "matches": 0
    },
    {
      "title": "Quo Vadis?",
      "year": 1913,
      "aliases": [
        "Quo Vadis"
      ],
      "role": "comparative_film",
      "decisionIfMissing": "P2",
      "chapterFunction": "A major Italian epic-export comparison that demonstrates the cycle Cabiria crowns; Chapter 5 resolves the Chapter 4 deferral by keeping it book-only rather than duplicating the same gameplay function.",
      "decision": "P2",
      "scenarioId": null,
      "matches": 0
    },
    {
      "title": "The Student of Prague",
      "year": 1913,
      "aliases": [
        "Der Student von Prag"
      ],
      "role": "comparative_film",
      "decisionIfMissing": "P2",
      "chapterFunction": "German prewar art-film and star/auteur organization provide a bridge toward later German cinema without pre-empting the dedicated German silent chapter.",
      "decision": "P2",
      "scenarioId": null,
      "matches": 0
    },
    {
      "title": "Ingeborg Holm",
      "year": 1913,
      "aliases": [],
      "role": "comparative_film",
      "decisionIfMissing": "P2",
      "chapterFunction": "Swedish social drama broadens the prewar map while remaining better suited to the later chapter on silent cinemas beyond the usual canon.",
      "decision": "P2",
      "scenarioId": null,
      "matches": 0
    },
    {
      "title": "Raja Harishchandra",
      "year": 1913,
      "aliases": [
        "Raja Harischandra"
      ],
      "role": "comparative_film",
      "decisionIfMissing": "P2",
      "chapterFunction": "Essential evidence that prewar feature production was not confined to Europe and the United States, but its fuller production/exhibition history belongs to Chapter 10 rather than a tokenized case here.",
      "decision": "P2",
      "scenarioId": null,
      "matches": 0
    }
  ],
  "byDecision": {
    "USE_EXISTING": [
      "Queen Elizabeth",
      "Traffic in Souls",
      "Fantômas",
      "Cabiria",
      "Afgrunden",
      "Atlantis"
    ],
    "P0": [],
    "P1": [],
    "P2": [
      "L'Assassinat du duc de Guise",
      "The White Slave Trade",
      "L'Inferno",
      "Quo Vadis?",
      "The Student of Prague",
      "Ingeborg Holm",
      "Raja Harishchandra"
    ],
    "AMBIGUOUS": [],
    "EXISTING_REQUIRED": []
  },
  "historicalObjects": [
    {
      "label": "Pathé Frères production-distribution network",
      "role": "historical_object",
      "atlasDecision": "NO_PRODUCTION_CASE",
      "chapterFunction": "A vertically coordinated international company and catalogue system; the institution itself is not a film Production Case."
    },
    {
      "label": "Gaumont production and serial infrastructure",
      "role": "historical_object",
      "atlasDecision": "NO_PRODUCTION_CASE",
      "chapterFunction": "Company organization made recurring characters and regular genre production scalable across markets."
    },
    {
      "label": "Nordisk Film export network",
      "role": "historical_object",
      "atlasDecision": "NO_PRODUCTION_CASE",
      "chapterFunction": "Branch offices and foreign distribution made a small national industry unusually international before World War I."
    },
    {
      "label": "Italian historical-epic production centres",
      "role": "historical_object",
      "atlasDecision": "NO_PRODUCTION_CASE",
      "chapterFunction": "Turin and Rome companies concentrated capital, sets, crowds and prestige around long-form spectacle."
    },
    {
      "label": "Transnational star circulation",
      "role": "historical_object",
      "atlasDecision": "NO_PRODUCTION_CASE",
      "chapterFunction": "Performers such as Sarah Bernhardt, Asta Nielsen and Valdemar Psilander became marketable identities across national borders."
    },
    {
      "label": "Territorial rights, intertitles and versioning",
      "role": "historical_object",
      "atlasDecision": "NO_PRODUCTION_CASE",
      "chapterFunction": "International circulation depended on rights sales, translated intertitles, local exhibition and sometimes market-specific versions or endings."
    },
    {
      "label": "Film catalogues, trade press and export advertising",
      "role": "historical_object",
      "atlasDecision": "NO_PRODUCTION_CASE",
      "chapterFunction": "International markets were built through industrial information systems as well as through the films themselves."
    }
  ],
  "recommendedNewProductionCases": [],
  "remainingBookReferenceOnlyFilms": [
    "L'Assassinat du duc de Guise",
    "The White Slave Trade",
    "L'Inferno",
    "Quo Vadis?",
    "The Student of Prague",
    "Ingeborg Holm",
    "Raja Harishchandra"
  ],
  "structuralProblems": []
}
HG_FILM_HISTORY_CHAPTER_FIVE_ATLAS_AUDIT_END

> hg-film-producer@0.1.0 audit:film-history-ch6
> node scripts/film-history-chapter-six-atlas-audit.mjs

HG_FILM_HISTORY_CHAPTER_SIX_ATLAS_AUDIT_START
{
  "schemaVersion": "1.0",
  "auditDate": "2026-08-15",
  "chapter": {
    "number": 6,
    "title": "Classical continuity and the Hollywood system",
    "period": "1914–1929",
    "scope": "Mature silent Hollywood as both a narrative system and an industrial system: continuity practices, studios, distribution and exhibition power, stars, genres, labor organization and countermodels to vertical integration.",
    "thesis": "Classical Hollywood was not invented by one director or one film. It emerged as repeatable collaborative practice tied to industrial consolidation: films became legible across large markets while studios coordinated labor, stars, genres, publicity, distribution and exhibition at increasing scale."
  },
  "atlas": {
    "expectedCount": 403,
    "actualCount": 403,
    "expansionOrder": [
      {
        "fileName": "earlyCinemaExpansion.ts",
        "appended": 56,
        "matchedExisting": 2
      },
      {
        "fileName": "chapterOneEarlyCinemaExpansion.ts",
        "appended": 5,
        "matchedExisting": 0
      },
      {
        "fileName": "chapterOneRescuedByRoverExpansion.ts",
        "appended": 1,
        "matchedExisting": 0
      },
      {
        "fileName": "chapterTwoExhibitionExpansion.ts",
        "appended": 3,
        "matchedExisting": 0
      },
      {
        "fileName": "chapterThreeNarrativeExpansion.ts",
        "appended": 4,
        "matchedExisting": 0
      },
      {
        "fileName": "chapterFourIndustryExpansion.ts",
        "appended": 3,
        "matchedExisting": 0
      },
      {
        "fileName": "chapterFiveInternationalExpansion.ts",
        "appended": 4,
        "matchedExisting": 0
      },
      {
        "fileName": "chapterSixHollywoodExpansion.ts",
        "appended": 5,
        "matchedExisting": 0
      },
      {
        "fileName": "modernCanonExpansion.ts",
        "appended": 27,
        "matchedExisting": 0
      },
      {
        "fileName": "priorityIndieExpansion.ts",
        "appended": 20,
        "matchedExisting": 0
      },
      {
        "fileName": "eastAsianAuteurExpansion.ts",
        "appended": 11,
        "matchedExisting": 0
      },
      {
        "fileName": "japaneseAuteurExpansion.ts",
        "appended": 7,
        "matchedExisting": 0
      },
      {
        "fileName": "southKoreanCinemaExpansion.ts",
        "appended": 4,
        "matchedExisting": 0
      },
      {
        "fileName": "southSoutheastAsianExpansion.ts",
        "appended": 7,
        "matchedExisting": 0
      },
      {
        "fileName": "festivalWinners1981To2009Expansion.ts",
        "appended": 11,
        "matchedExisting": 0
      },
      {
        "fileName": "festivalWinners2010To2024Expansion.ts",
        "appended": 11,
        "matchedExisting": 0
      },
      {
        "fileName": "scandinavianEuropeanExpansion.ts",
        "appended": 15,
        "matchedExisting": 7
      },
      {
        "fileName": "easternIberianBritishExpansion.ts",
        "appended": 23,
        "matchedExisting": 1
      },
      {
        "fileName": "italyFranceGermanyBeneluxExpansion.ts",
        "appended": 25,
        "matchedExisting": 3
      }
    ]
  },
  "candidates": [
    {
      "title": "The Birth of a Nation",
      "year": 1915,
      "aliases": [
        "The Clansman"
      ],
      "role": "comparative_film",
      "decisionIfMissing": "P2",
      "chapterFunction": "Essential critical evidence for feature-scale continuity, national road-show circulation, censorship conflict and the commercial power of racist historical propaganda. Chapter 3 already carries Griffith parallel editing through The Lonely Villa, so this remains book-level analysis rather than a redundant or ethically misleading imitate-this-film Production Case.",
      "decision": "P2",
      "scenarioId": null,
      "matches": 0
    },
    {
      "title": "The Cheat",
      "year": 1915,
      "aliases": [],
      "role": "anchor_film",
      "decisionIfMissing": "P1",
      "chapterFunction": "Famous Players-Lasky feature production under Cecil B. DeMille: controlled studio lighting, selective framing and performance staging show classical legibility becoming compatible with a distinctive house style inside an expanding company system.",
      "decision": "USE_EXISTING",
      "scenarioId": "scenario_the_cheat_1915",
      "matches": 1,
      "origin": "chapterSixHollywoodExpansion.ts"
    },
    {
      "title": "Intolerance",
      "year": 1916,
      "aliases": [
        "Intolerance: Love's Struggle Throughout the Ages"
      ],
      "role": "comparative_film",
      "decisionIfMissing": "P2",
      "chapterFunction": "Large-scale parallel construction and independent road-show ambition are indispensable formal comparisons, but the editing function overlaps Chapter 3 and does not need another dedicated Production Case here.",
      "decision": "P2",
      "scenarioId": null,
      "matches": 0
    },
    {
      "title": "The Kid",
      "year": 1921,
      "aliases": [],
      "role": "comparative_film",
      "decisionIfMissing": "P2",
      "chapterFunction": "Chaplin's feature-length integration of comedy and pathos is important star-producer evidence, but The Gold Rush provides a later and more production-distinct case for the same independent star-author model.",
      "decision": "P2",
      "scenarioId": null,
      "matches": 0
    },
    {
      "title": "Safety Last!",
      "year": 1923,
      "aliases": [
        "Safety Last"
      ],
      "role": "comparative_film",
      "decisionIfMissing": "P2",
      "chapterFunction": "Harold Lloyd's star comedy and carefully engineered urban stunt geography broaden the star-system comparison, while the existing The General already carries silent physical-action gameplay strongly enough to keep this book-only.",
      "decision": "P2",
      "scenarioId": null,
      "matches": 0
    },
    {
      "title": "The Covered Wagon",
      "year": 1923,
      "aliases": [],
      "role": "comparative_film",
      "decisionIfMissing": "P2",
      "chapterFunction": "Paramount-scale western production and location spectacle are useful evidence for genre planning and national distribution, but the chapter can teach those industrial systems without creating a redundant spectacle case.",
      "decision": "P2",
      "scenarioId": null,
      "matches": 0
    },
    {
      "title": "Greed",
      "year": 1924,
      "aliases": [],
      "role": "comparative_film",
      "decisionIfMissing": "P2",
      "chapterFunction": "A crucial case for authorship, studio control, post-production power and surviving-version historiography during the Metro-to-MGM transition; retained as analysis rather than a gameplay model that would falsely imply one canonical director-approved release version.",
      "decision": "P2",
      "scenarioId": null,
      "matches": 0
    },
    {
      "title": "The Gold Rush",
      "year": 1925,
      "aliases": [],
      "role": "anchor_film",
      "decisionIfMissing": "P0",
      "chapterFunction": "Chaplin's star-producer model and United Artists distribution provide the chapter's strongest counterexample to the vertically integrated majors while combining feature-scale comedy, controlled studio production, location material and internationally marketable star authorship.",
      "decision": "USE_EXISTING",
      "scenarioId": "scenario_the_gold_rush_1925",
      "matches": 1,
      "origin": "chapterSixHollywoodExpansion.ts"
    },
    {
      "title": "The Big Parade",
      "year": 1925,
      "aliases": [],
      "role": "comparative_film",
      "decisionIfMissing": "P2",
      "chapterFunction": "MGM prestige production, war genre and mass-market success are major studio-system evidence, but Wings provides a more distinct production-logistics case while The Crowd provides a stronger MGM continuity-and-organization case.",
      "decision": "P2",
      "scenarioId": null,
      "matches": 0
    },
    {
      "title": "Ben-Hur: A Tale of the Christ",
      "year": 1925,
      "aliases": [
        "Ben-Hur"
      ],
      "role": "comparative_film",
      "decisionIfMissing": "P2",
      "chapterFunction": "MGM spectacle, costly location work and production transfer show consolidation and managerial intervention at scale, but the production function overlaps other large studio spectacles and remains book-level evidence.",
      "decision": "P2",
      "scenarioId": null,
      "matches": 0
    },
    {
      "title": "The General",
      "year": 1926,
      "aliases": [],
      "role": "anchor_film",
      "decisionIfMissing": "EXISTING_REQUIRED",
      "expectedScenarioId": "scenario_the_general_1926",
      "chapterFunction": "Existing Atlas anchor for readable action geography, practical stunt planning, feature comedy and causal continuity in the mature silent period.",
      "decision": "USE_EXISTING",
      "scenarioId": "scenario_the_general_1926",
      "matches": 1,
      "origin": "earlyCinemaExpansion.ts"
    },
    {
      "title": "Flesh and the Devil",
      "year": 1926,
      "aliases": [],
      "role": "comparative_film",
      "decisionIfMissing": "P2",
      "chapterFunction": "MGM melodrama and the marketable Garbo-Gilbert star pairing make star construction and studio style visible, but It offers a cleaner Production Case around star image, publicity and modern consumer culture.",
      "decision": "P2",
      "scenarioId": null,
      "matches": 0
    },
    {
      "title": "It",
      "year": 1927,
      "aliases": [],
      "role": "anchor_film",
      "decisionIfMissing": "P1",
      "chapterFunction": "Paramount star-vehicle production around Clara Bow connects performance, costume, publicity, consumer modernity and national distribution, giving the chapter a Production Case where the star system is a production-and-marketing system rather than celebrity trivia.",
      "decision": "USE_EXISTING",
      "scenarioId": "scenario_it_1927",
      "matches": 1,
      "origin": "chapterSixHollywoodExpansion.ts"
    },
    {
      "title": "Wings",
      "year": 1927,
      "aliases": [],
      "role": "anchor_film",
      "decisionIfMissing": "P1",
      "chapterFunction": "Paramount feature logistics at blockbuster scale: aerial photography, second-unit coordination, military cooperation, effects, continuity and genre spectacle provide a distinct studio-planning Production Case.",
      "decision": "USE_EXISTING",
      "scenarioId": "scenario_wings_1927",
      "matches": 1,
      "origin": "chapterSixHollywoodExpansion.ts"
    },
    {
      "title": "Sunrise: A Song of Two Humans",
      "year": 1927,
      "aliases": [
        "Sunrise"
      ],
      "role": "comparative_film",
      "decisionIfMissing": "P2",
      "chapterFunction": "Fox's importation of F. W. Murnau and European-influenced camera, design and effects practices demonstrates transatlantic labor and style transfer, but its fuller formal genealogy belongs beside the dedicated Weimar chapter.",
      "decision": "P2",
      "scenarioId": null,
      "matches": 0
    },
    {
      "title": "The Crowd",
      "year": 1928,
      "aliases": [],
      "role": "anchor_film",
      "decisionIfMissing": "P0",
      "chapterFunction": "MGM studio organization, large-scale urban staging, effects and location integration serve an unusually ordinary protagonist through lucid classical continuity, making the film a strong case for how an industrial system can support rather than erase stylistic and social specificity.",
      "decision": "USE_EXISTING",
      "scenarioId": "scenario_the_crowd_1928",
      "matches": 1,
      "origin": "chapterSixHollywoodExpansion.ts"
    },
    {
      "title": "The Cameraman",
      "year": 1928,
      "aliases": [],
      "role": "comparative_film",
      "decisionIfMissing": "P2",
      "chapterFunction": "Keaton's move into MGM is valuable evidence for the absorption of independent comic authorship into studio procedure, but the existing The General already supplies the stronger Keaton gameplay case.",
      "decision": "P2",
      "scenarioId": null,
      "matches": 0
    },
    {
      "title": "Show People",
      "year": 1928,
      "aliases": [],
      "role": "comparative_film",
      "decisionIfMissing": "P2",
      "chapterFunction": "Hollywood's self-representation, studio labor, stardom and genre hierarchy make useful reflexive book evidence without requiring another standalone Production Case.",
      "decision": "P2",
      "scenarioId": null,
      "matches": 0
    }
  ],
  "byDecision": {
    "USE_EXISTING": [
      "The Cheat",
      "The Gold Rush",
      "The General",
      "It",
      "Wings",
      "The Crowd"
    ],
    "P0": [],
    "P1": [],
    "P2": [
      "The Birth of a Nation",
      "Intolerance",
      "The Kid",
      "Safety Last!",
      "The Covered Wagon",
      "Greed",
      "The Big Parade",
      "Ben-Hur: A Tale of the Christ",
      "Flesh and the Devil",
      "Sunrise: A Song of Two Humans",
      "The Cameraman",
      "Show People"
    ],
    "AMBIGUOUS": [],
    "EXISTING_REQUIRED": []
  },
  "historicalObjects": [
    {
      "label": "Hollywood production cluster and specialist service firms",
      "role": "historical_object",
      "atlasDecision": "NO_PRODUCTION_CASE",
      "chapterFunction": "Studios depended on laboratories, equipment suppliers, craftspeople and other specialist firms concentrated in Southern California; the industrial cluster is infrastructure, not a film Production Case."
    },
    {
      "label": "Famous Players-Lasky and Paramount distribution",
      "role": "historical_object",
      "atlasDecision": "NO_PRODUCTION_CASE",
      "chapterFunction": "National distribution, standardized publicity and increasingly coordinated production tied individual features to a company-wide market system rather than to isolated producers."
    },
    {
      "label": "Loew's and MGM vertical integration",
      "role": "historical_object",
      "atlasDecision": "NO_PRODUCTION_CASE",
      "chapterFunction": "The merger and theater-owning corporate structure linked production, distribution and exhibition while managerial systems coordinated stars, units, facilities and release planning."
    },
    {
      "label": "First National exhibitor-distributor network",
      "role": "historical_object",
      "atlasDecision": "NO_PRODUCTION_CASE",
      "chapterFunction": "The exhibitor-backed company demonstrates that consolidation was contested and that access to screens could organize production power from the exhibition side."
    },
    {
      "label": "United Artists distribution consortium",
      "role": "historical_object",
      "atlasDecision": "NO_PRODUCTION_CASE",
      "chapterFunction": "Chaplin, Pickford, Fairbanks and Griffith created a distribution vehicle for independently controlled productions; it is an institutional countermodel, not itself a Production Case."
    },
    {
      "label": "Run-zone-clearance, block booking and theater chains",
      "role": "historical_object",
      "atlasDecision": "NO_PRODUCTION_CASE",
      "chapterFunction": "Release sequencing, territorial clearance, packages of films and theater ownership shaped where and how pictures earned money; these are distribution/exhibition systems rather than film scenarios."
    },
    {
      "label": "Continuity as collaborative production practice",
      "role": "historical_object",
      "atlasDecision": "NO_PRODUCTION_CASE",
      "chapterFunction": "Script breakdown, coverage, eyeline and directional consistency, matching action and editorial selection became repeatable labor practices across departments, not inventions attributable to one director or one film."
    },
    {
      "label": "Contract stars, publicity departments and fan culture",
      "role": "historical_object",
      "atlasDecision": "NO_PRODUCTION_CASE",
      "chapterFunction": "Studios and distributors manufactured recognizable screen identities through casting, contracts, still photography, advertising, press relations and repeated genre association."
    },
    {
      "label": "Genre cycles and production planning",
      "role": "historical_object",
      "atlasDecision": "NO_PRODUCTION_CASE",
      "chapterFunction": "Westerns, comedies, melodramas, war films and other recurring forms allowed companies to coordinate audience expectation, stars, sets, crews and marketing without making every film identical."
    },
    {
      "label": "MPPDA and industry self-regulation",
      "role": "historical_object",
      "atlasDecision": "NO_PRODUCTION_CASE",
      "chapterFunction": "The Motion Picture Producers and Distributors of America, founded in 1922, coordinated industry policy and public legitimacy; the institution belongs to industrial history rather than Production Case gameplay."
    }
  ],
  "recommendedNewProductionCases": [],
  "remainingBookReferenceOnlyFilms": [
    "The Birth of a Nation",
    "Intolerance",
    "The Kid",
    "Safety Last!",
    "The Covered Wagon",
    "Greed",
    "The Big Parade",
    "Ben-Hur: A Tale of the Christ",
    "Flesh and the Devil",
    "Sunrise: A Song of Two Humans",
    "The Cameraman",
    "Show People"
  ],
  "structuralProblems": []
}
HG_FILM_HISTORY_CHAPTER_SIX_ATLAS_AUDIT_END

> hg-film-producer@0.1.0 audit:film-history-ch7
> node scripts/film-history-chapter-seven-atlas-audit.mjs

HG_FILM_HISTORY_CHAPTER_SEVEN_ATLAS_AUDIT_START
{
  "schemaVersion": "1.0",
  "auditDate": "2026-08-15",
  "chapter": {
    "number": 7,
    "title": "Weimar cinema and Expressionism",
    "period": "1919–1929",
    "scope": "German studios, Expressionist design, Kammerspielfilm, mobile camera work and competing realist/modern tendencies in Weimar cinema, with UFA as an industrial axis rather than a synonym for the whole period.",
    "thesis": "Weimar cinema cannot be reduced to Expressionist horror. Distorted design, chamber drama, mobile camera subjectivity, UFA-scale production and more observational late-1920s tendencies coexisted and competed, while German labor and style circulated internationally."
  },
  "atlas": {
    "expectedCount": 405,
    "actualCount": 405,
    "expansionOrder": [
      {
        "fileName": "earlyCinemaExpansion.ts",
        "appended": 56,
        "matchedExisting": 2
      },
      {
        "fileName": "chapterOneEarlyCinemaExpansion.ts",
        "appended": 5,
        "matchedExisting": 0
      },
      {
        "fileName": "chapterOneRescuedByRoverExpansion.ts",
        "appended": 1,
        "matchedExisting": 0
      },
      {
        "fileName": "chapterTwoExhibitionExpansion.ts",
        "appended": 3,
        "matchedExisting": 0
      },
      {
        "fileName": "chapterThreeNarrativeExpansion.ts",
        "appended": 4,
        "matchedExisting": 0
      },
      {
        "fileName": "chapterFourIndustryExpansion.ts",
        "appended": 3,
        "matchedExisting": 0
      },
      {
        "fileName": "chapterFiveInternationalExpansion.ts",
        "appended": 4,
        "matchedExisting": 0
      },
      {
        "fileName": "chapterSixHollywoodExpansion.ts",
        "appended": 5,
        "matchedExisting": 0
      },
      {
        "fileName": "chapterSevenWeimarExpansion.ts",
        "appended": 2,
        "matchedExisting": 0
      },
      {
        "fileName": "modernCanonExpansion.ts",
        "appended": 27,
        "matchedExisting": 0
      },
      {
        "fileName": "priorityIndieExpansion.ts",
        "appended": 20,
        "matchedExisting": 0
      },
      {
        "fileName": "eastAsianAuteurExpansion.ts",
        "appended": 11,
        "matchedExisting": 0
      },
      {
        "fileName": "japaneseAuteurExpansion.ts",
        "appended": 7,
        "matchedExisting": 0
      },
      {
        "fileName": "southKoreanCinemaExpansion.ts",
        "appended": 4,
        "matchedExisting": 0
      },
      {
        "fileName": "southSoutheastAsianExpansion.ts",
        "appended": 7,
        "matchedExisting": 0
      },
      {
        "fileName": "festivalWinners1981To2009Expansion.ts",
        "appended": 11,
        "matchedExisting": 0
      },
      {
        "fileName": "festivalWinners2010To2024Expansion.ts",
        "appended": 11,
        "matchedExisting": 0
      },
      {
        "fileName": "scandinavianEuropeanExpansion.ts",
        "appended": 15,
        "matchedExisting": 7
      },
      {
        "fileName": "easternIberianBritishExpansion.ts",
        "appended": 23,
        "matchedExisting": 1
      },
      {
        "fileName": "italyFranceGermanyBeneluxExpansion.ts",
        "appended": 25,
        "matchedExisting": 3
      }
    ]
  },
  "candidates": [
    {
      "title": "The Cabinet of Dr. Caligari",
      "year": 1920,
      "aliases": [
        "Das Cabinet des Dr. Caligari"
      ],
      "role": "anchor_film",
      "decisionIfMissing": "EXISTING_REQUIRED",
      "expectedScenarioId": "scenario_the_cabinet_of_dr_caligari_1920",
      "chapterFunction": "Expressionist production-design anchor: Decla studio construction, painted light and shadow, angular architecture, stylized performance and the frame-story problem make design itself a narrative and psychological system.",
      "decision": "USE_EXISTING",
      "scenarioId": "scenario_the_cabinet_of_dr_caligari_1920",
      "matches": 1,
      "origin": "earlyCinemaExpansion.ts"
    },
    {
      "title": "Nosferatu",
      "year": 1922,
      "aliases": [
        "Nosferatu: A Symphony of Horror",
        "Nosferatu, eine Symphonie des Grauens"
      ],
      "role": "anchor_film",
      "decisionIfMissing": "EXISTING_REQUIRED",
      "expectedScenarioId": "scenario_nosferatu_1922",
      "chapterFunction": "Prana-Film location-and-design counterpoint to Caligari: unauthorized Dracula adaptation, Albin Grau design, Fritz Arno Wagner photography and uncanny use of real architecture show that Weimar horror was not synonymous with painted studio Expressionism.",
      "decision": "USE_EXISTING",
      "scenarioId": "scenario_nosferatu_1922",
      "matches": 1,
      "origin": "earlyCinemaExpansion.ts"
    },
    {
      "title": "The Last Laugh",
      "year": 1924,
      "aliases": [
        "Der letzte Mann",
        "The Last Man"
      ],
      "role": "anchor_film",
      "decisionIfMissing": "P0",
      "chapterFunction": "Kammerspielfilm and the unchained-camera problem are explicit canonical Chapter 7 requirements. Murnau, Carl Mayer, Emil Jannings and Karl Freund turn a socially compressed hotel story into mobile-camera subjectivity, making this the clearest missing Production Case rather than another Expressionist-design duplicate.",
      "decision": "USE_EXISTING",
      "scenarioId": "scenario_the_last_laugh_1924",
      "matches": 1,
      "origin": "chapterSevenWeimarExpansion.ts"
    },
    {
      "title": "Dr. Mabuse, the Gambler",
      "year": 1922,
      "aliases": [
        "Dr. Mabuse, der Spieler",
        "Dr. Mabuse the Gambler"
      ],
      "role": "comparative_film",
      "decisionIfMissing": "P2",
      "chapterFunction": "Lang's two-part crime epic is essential book evidence for Weimar modernity, disguise, finance, surveillance and serial-scale urban control, but its crime/identity gameplay overlaps existing Fantômas and later Lang cases more than it adds a new Chapter 7 production problem.",
      "decision": "P2",
      "scenarioId": null,
      "matches": 0
    },
    {
      "title": "Warning Shadows",
      "year": 1923,
      "aliases": [
        "Schatten",
        "Warning Shadows: A Nocturnal Hallucination"
      ],
      "role": "comparative_film",
      "decisionIfMissing": "P2",
      "chapterFunction": "Arthur Robison's shadow-driven chamber experiment broadens Expressionist lighting and psychological-space analysis, but Caligari and Nosferatu already provide stronger playable design/horror anchors.",
      "decision": "P2",
      "scenarioId": null,
      "matches": 0
    },
    {
      "title": "Die Nibelungen",
      "year": 1924,
      "aliases": [
        "Die Nibelungen: Siegfried"
      ],
      "role": "comparative_film",
      "decisionIfMissing": "P2",
      "chapterFunction": "UFA prestige, monumental design, mass choreography and mythic national imagery are major industrial evidence, while Metropolis already supplies the more production-distinct UFA-scale design/effects case.",
      "decision": "P2",
      "scenarioId": null,
      "matches": 0
    },
    {
      "title": "The Joyless Street",
      "year": 1925,
      "aliases": [
        "Die freudlose Gasse"
      ],
      "role": "comparative_film",
      "decisionIfMissing": "P2",
      "chapterFunction": "Pabst's urban social melodrama is useful for distinguishing street realism and social observation from Expressionism, but Pandora's Box gives the chapter a cleaner non-Expressionist Production Case around performance, modernity and New Objectivity-era tendencies.",
      "decision": "P2",
      "scenarioId": null,
      "matches": 0
    },
    {
      "title": "Variety",
      "year": 1925,
      "aliases": [
        "Varieté",
        "Vaudeville"
      ],
      "role": "comparative_film",
      "decisionIfMissing": "P2",
      "chapterFunction": "E. A. Dupont and Karl Freund make mobile camera and circus space central to desire and spectacle; retained as comparison because The Last Laugh is the stronger canonical unchained-camera teaching case.",
      "decision": "P2",
      "scenarioId": null,
      "matches": 0
    },
    {
      "title": "Faust",
      "year": 1926,
      "aliases": [
        "Faust: A German Folktale",
        "Faust – Eine deutsche Volkssage"
      ],
      "role": "comparative_film",
      "decisionIfMissing": "P2",
      "chapterFunction": "Murnau's UFA fantasy extends monumental design, lighting, miniatures and effects, but those functions overlap the existing Metropolis and Nosferatu production cases.",
      "decision": "P2",
      "scenarioId": null,
      "matches": 0
    },
    {
      "title": "Metropolis",
      "year": 1927,
      "aliases": [],
      "role": "anchor_film",
      "decisionIfMissing": "EXISTING_REQUIRED",
      "expectedScenarioId": "scenario_metropolis_1927",
      "chapterFunction": "Existing UFA anchor for industrial scale, architectural design, mass choreography, Schüfftan/miniature effects, multiple cinematographers, Huppertz's score and severe version/reconstruction history.",
      "decision": "USE_EXISTING",
      "scenarioId": "scenario_metropolis_1927",
      "matches": 1,
      "origin": "earlyCinemaExpansion.ts"
    },
    {
      "title": "Pandora's Box",
      "year": 1929,
      "aliases": [
        "Die Büchse der Pandora",
        "Pandora's Box"
      ],
      "role": "anchor_film",
      "decisionIfMissing": "P1",
      "chapterFunction": "Pabst and Louise Brooks provide the chapter's strongest playable counterweight to Expressionism: performance-centered modernity, sexual economy, social observation and New Objectivity-era tendencies show why Weimar cinema cannot be reduced to distorted sets and horror.",
      "decision": "USE_EXISTING",
      "scenarioId": "scenario_pandoras_box_1929",
      "matches": 1,
      "origin": "chapterSevenWeimarExpansion.ts"
    },
    {
      "title": "Asphalt",
      "year": 1929,
      "aliases": [],
      "role": "comparative_film",
      "decisionIfMissing": "P2",
      "chapterFunction": "UFA street-film production and elaborate constructed urban space are valuable evidence for late-Weimar realism and studio artifice working together, but the design/modernity function is sufficiently covered by Metropolis plus Pandora's Box.",
      "decision": "P2",
      "scenarioId": null,
      "matches": 0
    },
    {
      "title": "Diary of a Lost Girl",
      "year": 1929,
      "aliases": [
        "Tagebuch einer Verlorenen"
      ],
      "role": "comparative_film",
      "decisionIfMissing": "P2",
      "chapterFunction": "Pabst/Brooks social melodrama extends the chapter's gender, institutional and New Objectivity-era comparison, while Pandora's Box is the more distinct Production Case for the same performer-director axis.",
      "decision": "P2",
      "scenarioId": null,
      "matches": 0
    }
  ],
  "byDecision": {
    "USE_EXISTING": [
      "The Cabinet of Dr. Caligari",
      "Nosferatu",
      "The Last Laugh",
      "Metropolis",
      "Pandora's Box"
    ],
    "P0": [],
    "P1": [],
    "P2": [
      "Dr. Mabuse, the Gambler",
      "Warning Shadows",
      "Die Nibelungen",
      "The Joyless Street",
      "Variety",
      "Faust",
      "Asphalt",
      "Diary of a Lost Girl"
    ],
    "AMBIGUOUS": [],
    "EXISTING_REQUIRED": []
  },
  "historicalObjects": [
    {
      "label": "UFA and vertically scaled German studio infrastructure",
      "role": "historical_object",
      "atlasDecision": "NO_PRODUCTION_CASE",
      "chapterFunction": "UFA concentrated studios, capital, specialist labor and international ambitions across multiple production modes; the company is infrastructure rather than a film scenario."
    },
    {
      "label": "Decla-Bioscop, Decla and postwar company consolidation",
      "role": "historical_object",
      "atlasDecision": "NO_PRODUCTION_CASE",
      "chapterFunction": "Caligari's production context and subsequent consolidation show a changing company landscape before and around UFA dominance; corporate history is not reducible to one title."
    },
    {
      "label": "Expressionist design culture across film, theatre and visual art",
      "role": "historical_object",
      "atlasDecision": "NO_PRODUCTION_CASE",
      "chapterFunction": "Distorted architecture, painted light, graphic surfaces and stylized bodies circulated across arts and productions; Expressionism is a historical tendency, not one reproducible preset."
    },
    {
      "label": "Kammerspielfilm and chamber-scale social drama",
      "role": "historical_object",
      "atlasDecision": "NO_PRODUCTION_CASE",
      "chapterFunction": "Small casts, concentrated spaces, psychological pressure and everyday social status form a tendency distinct from monumental Expressionist spectacle; the category exceeds any single film."
    },
    {
      "label": "Entfesselte Kamera / unchained-camera practice",
      "role": "historical_object",
      "atlasDecision": "NO_PRODUCTION_CASE",
      "chapterFunction": "Mobile camera rigs, elevators, tracks and motivated movement made camera subjectivity a collaborative technical practice; the method is infrastructure across productions rather than an invention owned by one shot."
    },
    {
      "label": "Film architecture, studio construction and artificial city space",
      "role": "historical_object",
      "atlasDecision": "NO_PRODUCTION_CASE",
      "chapterFunction": "Weimar productions used both real locations and increasingly ambitious constructed environments; designers, builders, cinematographers and effects workers jointly made architecture perform narrative work."
    },
    {
      "label": "Inflation, stabilization and changing production economics",
      "role": "historical_object",
      "atlasDecision": "NO_PRODUCTION_CASE",
      "chapterFunction": "Hyperinflation, currency stabilization and shifting export conditions changed costs, financing and international strategy during the 1920s; macroeconomic conditions are historical context, not a Production Case."
    },
    {
      "label": "Transatlantic circulation of Weimar labor and style",
      "role": "historical_object",
      "atlasDecision": "NO_PRODUCTION_CASE",
      "chapterFunction": "Directors, cinematographers, actors and designers moved between German and American production, carrying techniques without making influence a one-way national transfer."
    },
    {
      "label": "Censorship, adaptation rights and legal vulnerability",
      "role": "historical_object",
      "atlasDecision": "NO_PRODUCTION_CASE",
      "chapterFunction": "Nosferatu's Dracula litigation and wider censorship/rights regimes show that production and circulation depended on legal permissions and surviving versions; legal infrastructure is not a film scenario."
    }
  ],
  "recommendedNewProductionCases": [],
  "remainingBookReferenceOnlyFilms": [
    "Dr. Mabuse, the Gambler",
    "Warning Shadows",
    "Die Nibelungen",
    "The Joyless Street",
    "Variety",
    "Faust",
    "Asphalt",
    "Diary of a Lost Girl"
  ],
  "structuralProblems": []
}
HG_FILM_HISTORY_CHAPTER_SEVEN_ATLAS_AUDIT_END

> hg-film-producer@0.1.0 audit:film-history-ch8
> node scripts/film-history-chapter-eight-atlas-audit.mjs

HG_FILM_HISTORY_CHAPTER_EIGHT_ATLAS_AUDIT_START
{
  "schemaVersion": "1.0",
  "auditDate": "2026-08-16",
  "chapter": {
    "number": 8,
    "id": "french-avant-gardes",
    "title": "French Impressionism, Surrealism and the avant-gardes",
    "period": "1918–1930",
    "scope": "Photogénie, subjective vision, French Impressionist feature practice, Dada and Surrealist networks, cinéma pur, cross-art collaboration, alternative financing/exhibition and version-aware preservation.",
    "thesis": "French avant-garde cinema was not one anti-commercial style: feature producers, critics, artists, patrons, specialist venues and independent filmmakers used different production scales to make perception, rhythm, abstraction and Surrealist association into cinema-specific problems."
  },
  "atlas": {
    "expectedCount": 410,
    "actualCount": 410,
    "expansionOrder": [
      {
        "fileName": "earlyCinemaExpansion.ts",
        "appended": 56,
        "matchedExisting": 2
      },
      {
        "fileName": "chapterOneEarlyCinemaExpansion.ts",
        "appended": 5,
        "matchedExisting": 0
      },
      {
        "fileName": "chapterOneRescuedByRoverExpansion.ts",
        "appended": 1,
        "matchedExisting": 0
      },
      {
        "fileName": "chapterTwoExhibitionExpansion.ts",
        "appended": 3,
        "matchedExisting": 0
      },
      {
        "fileName": "chapterThreeNarrativeExpansion.ts",
        "appended": 4,
        "matchedExisting": 0
      },
      {
        "fileName": "chapterFourIndustryExpansion.ts",
        "appended": 3,
        "matchedExisting": 0
      },
      {
        "fileName": "chapterFiveInternationalExpansion.ts",
        "appended": 4,
        "matchedExisting": 0
      },
      {
        "fileName": "chapterSixHollywoodExpansion.ts",
        "appended": 5,
        "matchedExisting": 0
      },
      {
        "fileName": "chapterSevenWeimarExpansion.ts",
        "appended": 2,
        "matchedExisting": 0
      },
      {
        "fileName": "chapterEightFrenchAvantGardeExpansion.ts",
        "appended": 5,
        "matchedExisting": 0
      },
      {
        "fileName": "modernCanonExpansion.ts",
        "appended": 27,
        "matchedExisting": 0
      },
      {
        "fileName": "priorityIndieExpansion.ts",
        "appended": 20,
        "matchedExisting": 0
      },
      {
        "fileName": "eastAsianAuteurExpansion.ts",
        "appended": 11,
        "matchedExisting": 0
      },
      {
        "fileName": "japaneseAuteurExpansion.ts",
        "appended": 7,
        "matchedExisting": 0
      },
      {
        "fileName": "southKoreanCinemaExpansion.ts",
        "appended": 4,
        "matchedExisting": 0
      },
      {
        "fileName": "southSoutheastAsianExpansion.ts",
        "appended": 7,
        "matchedExisting": 0
      },
      {
        "fileName": "festivalWinners1981To2009Expansion.ts",
        "appended": 11,
        "matchedExisting": 0
      },
      {
        "fileName": "festivalWinners2010To2024Expansion.ts",
        "appended": 11,
        "matchedExisting": 0
      },
      {
        "fileName": "scandinavianEuropeanExpansion.ts",
        "appended": 15,
        "matchedExisting": 7
      },
      {
        "fileName": "easternIberianBritishExpansion.ts",
        "appended": 23,
        "matchedExisting": 1
      },
      {
        "fileName": "italyFranceGermanyBeneluxExpansion.ts",
        "appended": 25,
        "matchedExisting": 3
      }
    ]
  },
  "candidates": [
    {
      "title": "The Passion of Joan of Arc",
      "originalTitle": "La Passion de Jeanne d'Arc",
      "year": 1928,
      "aliases": [
        "The Passion of Joan of Arc"
      ],
      "role": "comparative_anchor",
      "decisionIfMissing": "EXISTING_REQUIRED",
      "expectedScenarioId": "scenario_the_passion_of_joan_of_arc_1928",
      "chapterFunction": "Existing French-produced silent anchor for radical close-up, sparse design, discontinuous eyelines and performance intensity. It broadens the French production field without being falsely relabeled as a core Impressionist or Surrealist manifesto.",
      "decision": "USE_EXISTING",
      "scenarioId": "scenario_the_passion_of_joan_of_arc_1928",
      "matches": 1,
      "origin": "earlyCinemaExpansion.ts"
    },
    {
      "title": "Cœur fidèle",
      "originalTitle": "Cœur fidèle",
      "year": 1923,
      "aliases": [
        "Coeur fidèle",
        "Coeur fidele",
        "Faithful Heart"
      ],
      "role": "anchor_film",
      "decisionIfMissing": "P0",
      "chapterFunction": "Jean Epstein's central French Impressionist case for photogénie, subjective camera, rhythmic editing and the fairground sequence: a distinct production problem in turning perception and emotion into image rhythm rather than classical continuity alone.",
      "decision": "USE_EXISTING",
      "scenarioId": "scenario_coeur_fidele_1923",
      "matches": 1,
      "origin": "chapterEightFrenchAvantGardeExpansion.ts"
    },
    {
      "title": "Napoléon",
      "originalTitle": "Napoléon vu par Abel Gance",
      "year": 1927,
      "aliases": [
        "Napoleon",
        "Napoléon"
      ],
      "role": "anchor_film",
      "decisionIfMissing": "P0",
      "chapterFunction": "Abel Gance's large-scale production and exhibition experiment connects mobile camera work, rapid montage, multiple-image techniques, tinting and the Polyvision triptych to feature-scale logistics and version history.",
      "decision": "USE_EXISTING",
      "scenarioId": "scenario_napoleon_1927",
      "matches": 1,
      "origin": "chapterEightFrenchAvantGardeExpansion.ts"
    },
    {
      "title": "Un Chien Andalou",
      "originalTitle": "Un chien andalou",
      "year": 1929,
      "aliases": [
        "An Andalusian Dog"
      ],
      "role": "anchor_film",
      "decisionIfMissing": "P0",
      "chapterFunction": "Buñuel and Dalí's Surrealist collaboration provides a distinct low-budget production problem in automatic-writing logic, discontinuous association, alternative exhibition and provocative imagery, with explicit safeguards against reenacting animal or bodily harm as gameplay.",
      "decision": "USE_EXISTING",
      "scenarioId": "scenario_un_chien_andalou_1929",
      "matches": 1,
      "origin": "chapterEightFrenchAvantGardeExpansion.ts"
    },
    {
      "title": "The Smiling Madame Beudet",
      "originalTitle": "La Souriante Madame Beudet",
      "year": 1923,
      "aliases": [
        "La souriante Madame Beudet",
        "The Smiling Mme Beudet"
      ],
      "role": "anchor_film",
      "decisionIfMissing": "P1",
      "chapterFunction": "Germaine Dulac's domestic subjectivity makes superimposition, fantasy insert, gesture and restricted social space serve a woman's interior life, widening Impressionist gameplay beyond a male-only canon and beyond spectacle.",
      "decision": "USE_EXISTING",
      "scenarioId": "scenario_the_smiling_madame_beudet_1923",
      "matches": 1,
      "origin": "chapterEightFrenchAvantGardeExpansion.ts"
    },
    {
      "title": "Entr'acte",
      "originalTitle": "Entr'acte",
      "year": 1924,
      "aliases": [
        "Entr’acte"
      ],
      "role": "anchor_film",
      "decisionIfMissing": "P1",
      "chapterFunction": "René Clair, Francis Picabia and Erik Satie connect Dada, ballet, commissioned intermission cinema, variable-speed imagery and cross-art collaboration to alternative institutions and event-based exhibition rather than normal feature distribution.",
      "decision": "USE_EXISTING",
      "scenarioId": "scenario_entr_acte_1924",
      "matches": 1,
      "origin": "chapterEightFrenchAvantGardeExpansion.ts"
    },
    {
      "title": "La Roue",
      "originalTitle": "La Roue",
      "year": 1923,
      "aliases": [
        "The Wheel"
      ],
      "role": "comparative_film",
      "decisionIfMissing": "P2",
      "chapterFunction": "Gance's long-form railway melodrama is crucial for accelerated montage, multi-camera production and extreme version history, but Napoléon carries the more distinct Gance Production Case while La Roue remains indispensable book evidence.",
      "decision": "P2",
      "scenarioId": null,
      "matches": 0
    },
    {
      "title": "Ballet mécanique",
      "originalTitle": "Ballet mécanique",
      "year": 1924,
      "aliases": [
        "Ballet Mecanique",
        "Ballet mécanique"
      ],
      "role": "comparative_film",
      "decisionIfMissing": "P2",
      "chapterFunction": "Léger and Murphy's machine-body abstraction is a core pure-cinema comparison, but its nonnarrative rhythmic function can remain book-level beside Entr'acte and the later experimental-film chapter rather than generating redundant gameplay.",
      "decision": "P2",
      "scenarioId": null,
      "matches": 0
    },
    {
      "title": "La Coquille et le Clergyman",
      "originalTitle": "La Coquille et le Clergyman",
      "year": 1928,
      "aliases": [
        "The Seashell and the Clergyman",
        "La Coquille et le clergyman"
      ],
      "role": "comparative_film",
      "decisionIfMissing": "P2",
      "chapterFunction": "Dulac and Artaud's contested Surrealist/psychological collaboration is essential for authorship, dream logic and gendered interpretation, but Un Chien Andalou and Madame Beudet provide clearer distinct gameplay poles without duplicating Dulac.",
      "decision": "P2",
      "scenarioId": null,
      "matches": 0
    },
    {
      "title": "The Fall of the House of Usher",
      "originalTitle": "La Chute de la maison Usher",
      "year": 1928,
      "aliases": [
        "La Chute de la maison Usher"
      ],
      "role": "comparative_film",
      "decisionIfMissing": "P2",
      "chapterFunction": "Epstein's Poe adaptation extends photogénie through slow motion, superimposition, rhythm and material atmosphere, but Cœur fidèle already supplies the stronger foundational Epstein Production Case.",
      "decision": "P2",
      "scenarioId": null,
      "matches": 0
    },
    {
      "title": "Ménilmontant",
      "originalTitle": "Ménilmontant",
      "year": 1926,
      "aliases": [
        "Menilmontant"
      ],
      "role": "comparative_film",
      "decisionIfMissing": "P2",
      "chapterFunction": "Kirsanoff's independent urban melodrama is valuable for title-light visual narration, location texture and subjective editing but overlaps the Impressionist perception problem already assigned to Cœur fidèle.",
      "decision": "P2",
      "scenarioId": null,
      "matches": 0
    },
    {
      "title": "Emak-Bakia",
      "originalTitle": "Emak-Bakia",
      "year": 1926,
      "aliases": [
        "Emak Bakia"
      ],
      "role": "comparative_film",
      "decisionIfMissing": "P2",
      "chapterFunction": "Man Ray's cinegraphic experiment broadens abstraction, rayograph-like imagery and artist-film production, but belongs as book-level pure-cinema evidence rather than another short-form Production Case.",
      "decision": "P2",
      "scenarioId": null,
      "matches": 0
    },
    {
      "title": "L'Étoile de mer",
      "originalTitle": "L'Étoile de mer",
      "year": 1928,
      "aliases": [
        "L'Etoile de mer",
        "The Starfish"
      ],
      "role": "comparative_film",
      "decisionIfMissing": "P2",
      "chapterFunction": "Man Ray's collaboration with Robert Desnos expands distorted vision, poetic text and Surrealist association while overlapping the short-form experimental production functions of the stronger anchor cases.",
      "decision": "P2",
      "scenarioId": null,
      "matches": 0
    },
    {
      "title": "L'Inhumaine",
      "originalTitle": "L'Inhumaine",
      "year": 1924,
      "aliases": [
        "The Inhuman Woman"
      ],
      "role": "comparative_film",
      "decisionIfMissing": "P2",
      "chapterFunction": "Marcel L'Herbier's cross-art feature is important for modernist architecture, design and international artistic collaboration, but those production-design functions overlap existing large-scale design cases and can remain book-level here.",
      "decision": "P2",
      "scenarioId": null,
      "matches": 0
    },
    {
      "title": "L'Âge d'Or",
      "originalTitle": "L'Âge d'Or",
      "year": 1930,
      "aliases": [
        "L'Age d'Or",
        "The Golden Age"
      ],
      "role": "comparative_film",
      "decisionIfMissing": "P2",
      "chapterFunction": "Buñuel's patron-funded 1930 Surrealist feature is vital for sound-era provocation, censorship and alternative patronage, but Un Chien Andalou is the cleaner silent-era Surrealist Production Case and Chapter 11 owns the sound transition.",
      "decision": "P2",
      "scenarioId": null,
      "matches": 0
    }
  ],
  "byDecision": {
    "USE_EXISTING": [
      "The Passion of Joan of Arc",
      "Cœur fidèle",
      "Napoléon",
      "Un Chien Andalou",
      "The Smiling Madame Beudet",
      "Entr'acte"
    ],
    "P0": [],
    "P1": [],
    "P2": [
      "La Roue",
      "Ballet mécanique",
      "La Coquille et le Clergyman",
      "The Fall of the House of Usher",
      "Ménilmontant",
      "Emak-Bakia",
      "L'Étoile de mer",
      "L'Inhumaine",
      "L'Âge d'Or"
    ],
    "EXISTING_REQUIRED": []
  },
  "historicalObjects": [
    {
      "label": "Photogénie and French Impressionist film theory",
      "role": "historical_object",
      "atlasDecision": "NO_PRODUCTION_CASE",
      "chapterFunction": "Delluc, Epstein, Dulac and others theorized cinema's capacity to transform objects, faces, movement and duration. Photogénie is a contested critical concept, not a camera preset or measurable gameplay score."
    },
    {
      "label": "Film criticism, journals, ciné-clubs and specialist cinemas",
      "role": "historical_object",
      "atlasDecision": "NO_PRODUCTION_CASE",
      "chapterFunction": "Writing, clubs and venues helped define audiences and vocabularies for film art outside mainstream commercial circulation; these institutions enabled movements but are not films."
    },
    {
      "label": "Independent producers, patrons and alternative financing",
      "role": "historical_object",
      "atlasDecision": "NO_PRODUCTION_CASE",
      "chapterFunction": "Avant-garde work depended on small companies, private money, artist networks and sometimes wealthy patrons, creating different freedoms and dependencies from vertically integrated studios."
    },
    {
      "label": "Dada and Surrealist artist networks",
      "role": "historical_object",
      "atlasDecision": "NO_PRODUCTION_CASE",
      "chapterFunction": "Film intersected with poetry, painting, performance and anti-bourgeois artistic movements. Those networks shaped collaboration and exhibition but should not be converted into a single reproducible style recipe."
    },
    {
      "label": "Cinéma pur and abstract moving-image practice",
      "role": "historical_object",
      "atlasDecision": "NO_PRODUCTION_CASE",
      "chapterFunction": "Artists explored rhythm, shape, repetition, speed and photographic transformation without conventional narrative obligations; the practice spans many shorts rather than one canonical Production Case."
    },
    {
      "label": "Alternative exhibition and event cinema",
      "role": "historical_object",
      "atlasDecision": "NO_PRODUCTION_CASE",
      "chapterFunction": "Studio des Ursulines, Studio 28, theatre/ballet programs and ciné-club screenings created contexts where short experimental works could circulate and provoke audiences outside standard feature programs."
    },
    {
      "label": "Cross-art production design and modernist collaboration",
      "role": "historical_object",
      "atlasDecision": "NO_PRODUCTION_CASE",
      "chapterFunction": "Architects, painters, musicians, poets and designers entered film production, making French avant-garde cinema a collaborative art-world system rather than a director-only phenomenon."
    },
    {
      "label": "Gender, authorship and unequal canon formation",
      "role": "historical_object",
      "atlasDecision": "NO_PRODUCTION_CASE",
      "chapterFunction": "Germaine Dulac and other women were central to French avant-garde production and theory; later canons and attribution disputes can obscure that labor and must be handled explicitly."
    },
    {
      "label": "Censorship, scandal and representational harm",
      "role": "historical_object",
      "atlasDecision": "NO_PRODUCTION_CASE",
      "chapterFunction": "Provocation could trigger censorship or political reaction, while shocking images may involve real harm or vulnerable bodies. Historical analysis does not turn dangerous or exploitative acts into player objectives."
    },
    {
      "label": "Restoration, alternate cuts and reconstructed accompaniment",
      "role": "historical_object",
      "atlasDecision": "NO_PRODUCTION_CASE",
      "chapterFunction": "La Roue, Napoléon and many shorts survive through complex restoration histories. Modern runtimes, music and reconstructed versions must remain distinct from original production and exhibition states."
    }
  ],
  "recommendedNewProductionCases": [],
  "remainingBookReferenceOnlyFilms": [
    "La Roue",
    "Ballet mécanique",
    "La Coquille et le Clergyman",
    "The Fall of the House of Usher",
    "Ménilmontant",
    "Emak-Bakia",
    "L'Étoile de mer",
    "L'Inhumaine",
    "L'Âge d'Or"
  ],
  "structuralProblems": []
}
HG_FILM_HISTORY_CHAPTER_EIGHT_ATLAS_AUDIT_END

> hg-film-producer@0.1.0 typecheck
> tsc --noEmit && tsc -p tsconfig.app.json


> hg-film-producer@0.1.0 test
> npm run build && node --test dist/core/*.test.js


> hg-film-producer@0.1.0 build
> tsc

TAP version 13
# Subtest: applyDueStudioExpenses charges recurring and one-time expenses due in year 1
ok 1 - applyDueStudioExpenses charges recurring and one-time expenses due in year 1
  ---
  duration_ms: 2.282157
  ...
# Subtest: applyDueStudioExpenses skips one-time expenses after year 1 but keeps charging recurring ones
ok 2 - applyDueStudioExpenses skips one-time expenses after year 1 but keeps charging recurring ones
  ---
  duration_ms: 0.360312
  ...
# Subtest: applyDueStudioExpenses ignores expenses due in a different quarter
ok 3 - applyDueStudioExpenses ignores expenses due in a different quarter
  ---
  duration_ms: 0.18926
  ...
# Subtest: applyCrewRosterGrowth leaves a crew member unchanged with no roster history
ok 4 - applyCrewRosterGrowth leaves a crew member unchanged with no roster history
  ---
  duration_ms: 1.122842
  ...
# Subtest: applyCrewRosterGrowth raises experience but withholds the studio-regular tag below the threshold
ok 5 - applyCrewRosterGrowth raises experience but withholds the studio-regular tag below the threshold
  ---
  duration_ms: 0.373204
  ...
# Subtest: applyCrewRosterGrowth adds the studio-regular tag once at the threshold
ok 6 - applyCrewRosterGrowth adds the studio-regular tag once at the threshold
  ---
  duration_ms: 0.115305
  ...
# Subtest: applyCrewRosterGrowth clamps experience at 100 and does not duplicate the tag
ok 7 - applyCrewRosterGrowth clamps experience at 100 and does not duplicate the tag
  ---
  duration_ms: 0.177606
  ...
# Subtest: applyActorRosterGrowth leaves an actor unchanged with no roster history
ok 8 - applyActorRosterGrowth leaves an actor unchanged with no roster history
  ---
  duration_ms: 0.156296
  ...
# Subtest: applyActorRosterGrowth raises experience and adds the studio-regular chemistry tag at the threshold
ok 9 - applyActorRosterGrowth raises experience and adds the studio-regular chemistry tag at the threshold
  ---
  duration_ms: 0.108417
  ...
# Subtest: applyRosterGrowth does not mutate the original crew member or actor
ok 10 - applyRosterGrowth does not mutate the original crew member or actor
  ---
  duration_ms: 0.126777
  ...
# Subtest: Production Case phase cannot complete before a choice is selected
ok 11 - Production Case phase cannot complete before a choice is selected
  ---
  duration_ms: 1.349772
  ...
# Subtest: Production Case phase can complete after a valid choice is selected
ok 12 - Production Case phase can complete after a valid choice is selected
  ---
  duration_ms: 0.194842
  ...
# Subtest: a choice for another phase does not unlock this phase
ok 13 - a choice for another phase does not unlock this phase
  ---
  duration_ms: 0.14082
  ...
# Subtest: a stale saved choice does not count as a completed phase
ok 14 - a stale saved choice does not count as a completed phase
  ---
  duration_ms: 0.16739
  ...
# Subtest: career cashflow and filmography remain immutable and feed evaluations
ok 15 - career cashflow and filmography remain immutable and feed evaluations
  ---
  duration_ms: 7.459753
  ...
# Subtest: quarter advancement opens a single next-year snapshot
ok 16 - quarter advancement opens a single next-year snapshot
  ---
  duration_ms: 0.622597
  ...
# Subtest: milestones apply rewards once after requirements are met
ok 17 - milestones apply rewards once after requirements are met
  ---
  duration_ms: 0.354109
  ...
# Subtest: career seed catalogues provide stable gameplay coverage
ok 18 - career seed catalogues provide stable gameplay coverage
  ---
  duration_ms: 2.388338
  ...
# Subtest: strategic goals activate only once
ok 19 - strategic goals activate only once
  ---
  duration_ms: 1.577061
  ...
# Subtest: Chapter 8 materializes Coeur fidele, Napoleon, Un Chien Andalou, Entr'acte and The Smiling Madame Beudet as distinct French avant-garde production cases
not ok 20 - Chapter 8 materializes Coeur fidele, Napoleon, Un Chien Andalou, Entr'acte and The Smiling Madame Beudet as distinct French avant-garde production cases
  ---
  duration_ms: 13.02606
  location: '/home/runner/work/HG_Film_Producer/HG_Film_Producer/dist/core/chapterEightFrenchAvantGardeExpansion.test.js:4:1'
  failureType: 'testCodeFailure'
  error: |-
    The expression evaluated to a falsy value:
    
      assert.ok(beudet.premise.includes("Le Film d'Art - Vandal et Delac"))
    
  code: 'ERR_ASSERTION'
  name: 'AssertionError'
  expected: true
  actual: false
  operator: '=='
  stack: |-
    TestContext.<anonymous> (file:///home/runner/work/HG_Film_Producer/HG_Film_Producer/dist/core/chapterEightFrenchAvantGardeExpansion.test.js:105:12)
    Test.runInAsyncScope (node:async_hooks:206:9)
    Test.run (node:internal/test_runner/test:796:25)
    Test.processPendingSubtests (node:internal/test_runner/test:526:18)
    node:internal/test_runner/harness:255:12
    node:internal/process/task_queues:140:7
    AsyncResource.runInAsyncScope (node:async_hooks:206:9)
    AsyncResource.runMicrotask (node:internal/process/task_queues:137:8)
  ...
# Subtest: Chapter 5 keeps Fantômas, Cabiria, Afgrunden and Atlantis as materialized international expansion cases
ok 21 - Chapter 5 keeps Fantômas, Cabiria, Afgrunden and Atlantis as materialized international expansion cases
  ---
  duration_ms: 1.499013
  ...
# Subtest: Chapter 7 materializes The Last Laugh and Pandora's Box as distinct Weimar production cases
ok 22 - Chapter 7 materializes The Last Laugh and Pandora's Box as distinct Weimar production cases
  ---
  duration_ms: 1.088958
  ...
# Subtest: Chapter 6 materializes Gold Rush, The Crowd, The Cheat, It and Wings as distinct Hollywood-system cases
ok 23 - Chapter 6 materializes Gold Rush, The Crowd, The Cheat, It and Wings as distinct Hollywood-system cases
  ---
  duration_ms: 2.157295
  ...
# Subtest: crew and actor seed rosters meet the first-engine coverage requirements
ok 24 - crew and actor seed rosters meet the first-engine coverage requirements
  ---
  duration_ms: 3.601803
  ...
# Subtest: crew scoring is explainable, clamped, and rewards matching style tags
ok 25 - crew scoring is explainable, clamped, and rewards matching style tags
  ---
  duration_ms: 0.441955
  ...
# Subtest: hiring and casting return copied projects and prevent duplicate IDs
ok 26 - hiring and casting return copied projects and prevent duplicate IDs
  ---
  duration_ms: 1.036701
  ...
# Subtest: casting chemistry rewards shared tags and ignores duplicate actors
ok 27 - casting chemistry rewards shared tags and ignores duplicate actors
  ---
  duration_ms: 0.581717
  ...
# Subtest: production-team evaluation uses attached people, collaboration, reliability, and fees
ok 28 - production-team evaluation uses attached people, collaboration, reliability, and fees
  ---
  duration_ms: 0.657681
  ...
# Subtest: an empty production team evaluates to zero rather than gaining free budget health
ok 29 - an empty production team evaluates to zero rather than gaining free budget health
  ---
  duration_ms: 0.162833
  ...
# Subtest: film results preserve the legacy API and improve with a strong evaluated team
ok 30 - film results preserve the legacy API and improve with a strong evaluated team
  ---
  duration_ms: 0.361018
  ...
# Subtest: film results reject a production-team evaluation for another project
ok 31 - film results reject a production-team evaluation for another project
  ---
  duration_ms: 0.477797
  ...
# Subtest: developer tools stay hidden by default
ok 32 - developer tools stay hidden by default
  ---
  duration_ms: 1.423703
  ...
# Subtest: developer tools require the explicit dev=1 query parameter
ok 33 - developer tools require the explicit dev=1 query parameter
  ---
  duration_ms: 0.248062
  ...
# Subtest: covers every scene-brief and shot-card decision with an applied learning guide
ok 34 - covers every scene-brief and shot-card decision with an applied learning guide
  ---
  duration_ms: 2.537882
  ...
# Subtest: gives every applied guide a practical exercise, checklist and resolved terminology
ok 35 - gives every applied guide a practical exercise, checklist and resolved terminology
  ---
  duration_ms: 0.557174
  ...
# Subtest: connects important film terms back to the Director decisions where they are used
ok 36 - connects important film terms back to the Director decisions where they are used
  ---
  duration_ms: 1.229014
  ...
# Subtest: creates an empty directing brief for one reference film
ok 37 - creates an empty directing brief for one reference film
  ---
  duration_ms: 0.998537
  ...
# Subtest: coerces persisted data without accepting invalid values
ok 38 - coerces persisted data without accepting invalid values
  ---
  duration_ms: 0.38575
  ...
# Subtest: uses a stable storage key per film
ok 39 - uses a stable storage key per film
  ---
  duration_ms: 0.109899
  ...
# Subtest: exports a readable complete director brief
ok 40 - exports a readable complete director brief
  ---
  duration_ms: 0.229635
  ...
# Subtest: provides a broad canonical directing vocabulary
ok 41 - provides a broad canonical directing vocabulary
  ---
  duration_ms: 1.019041
  ...
# Subtest: covers every directing craft category with a substantial vocabulary
ok 42 - covers every directing craft category with a substantial vocabulary
  ---
  duration_ms: 0.215478
  ...
# Subtest: uses only registered phases, levels, categories and sources
ok 43 - uses only registered phases, levels, categories and sources
  ---
  duration_ms: 1.023854
  ...
# Subtest: models the director workflow from script interpretation through finishing
ok 44 - models the director workflow from script interpretation through finishing
  ---
  duration_ms: 0.955344
  ...
# Subtest: searches English terms, Norwegian terminology and explanations
ok 45 - searches English terms, Norwegian terminology and explanations
  ---
  duration_ms: 2.205022
  ...
# Subtest: creates a project with one active scene
ok 46 - creates a project with one active scene
  ---
  duration_ms: 1.916191
  ...
# Subtest: adds scenes and keeps the new scene active
ok 47 - adds scenes and keeps the new scene active
  ---
  duration_ms: 0.993192
  ...
# Subtest: does not allow deleting the final scene
ok 48 - does not allow deleting the final scene
  ---
  duration_ms: 0.252992
  ...
# Subtest: duplicates a scene with independent shot ids
ok 49 - duplicates a scene with independent shot ids
  ---
  duration_ms: 0.615423
  ...
# Subtest: creates, duplicates, updates, and reorders shot cards
ok 50 - creates, duplicates, updates, and reorders shot cards
  ---
  duration_ms: 0.569975
  ...
# Subtest: coerces malformed saved data to a usable project
ok 51 - coerces malformed saved data to a usable project
  ---
  duration_ms: 0.600762
  ...
# Subtest: exports the complete scene project and shot list
ok 52 - exports the complete scene project and shot list
  ---
  duration_ms: 0.480458
  ...
# Subtest: uses stable project storage keys and entity ids
ok 53 - uses stable project storage keys and entity ids
  ---
  duration_ms: 0.201422
  ...
# Subtest: the requested historical expansion contains exactly 58 unique films
ok 54 - the requested historical expansion contains exactly 58 unique films
  ---
  duration_ms: 2.1156
  ...
# Subtest: the expansion reuses two existing films and appends 56 missing films
ok 55 - the expansion reuses two existing films and appends 56 missing films
  ---
  duration_ms: 8.805808
  ...
# Subtest: every requested film resolves once and has a complete playable brief blueprint
ok 56 - every requested film resolves once and has a complete playable brief blueprint
  ---
  duration_ms: 19.774696
  ...
# Subtest: the merged catalogue contains 217 unique Production Cases
ok 57 - the merged catalogue contains 217 unique Production Cases
  ---
  duration_ms: 7.489793
  ...
# Subtest: East Asian auteur expansion contains exactly 11 unique missing films
ok 58 - East Asian auteur expansion contains exactly 11 unique missing films
  ---
  duration_ms: 1.517874
  ...
# Subtest: all 11 films are new to the 264-case catalogue
ok 59 - all 11 films are new to the 264-case catalogue
  ---
  duration_ms: 27.155382
  ...
# Subtest: every East Asian auteur film resolves once and has a playable brief blueprint
ok 60 - every East Asian auteur film resolves once and has a playable brief blueprint
  ---
  duration_ms: 21.108884
  ...
# Subtest: the requested Taiwan, Hong Kong and China block is complete exactly once
ok 61 - the requested Taiwan, Hong Kong and China block is complete exactly once
  ---
  duration_ms: 13.610949
  ...
# Subtest: the merged catalogue contains 275 unique Production Cases
ok 62 - the merged catalogue contains 275 unique Production Cases
  ---
  duration_ms: 16.049346
  ...
# [eastern-iberian-british-expansion] prior=330 missing=23 final=353
# Subtest: Eastern, Iberian, and British-Irish expansion contains exactly 24 unique targets
ok 63 - Eastern, Iberian, and British-Irish expansion contains exactly 24 unique targets
  ---
  duration_ms: 1.615538
  ...
# Subtest: the expansion adds only genuinely missing films and preserves unique catalogue IDs
ok 64 - the expansion adds only genuinely missing films and preserves unique catalogue IDs
  ---
  duration_ms: 38.458351
  ...
# Subtest: all 24 requested films resolve exactly once and have playable production blueprints
ok 65 - all 24 requested films resolve exactly once and have playable production blueprints
  ---
  duration_ms: 45.489324
  ...
# Subtest: the complete requested regional block resolves exactly once by title and year
ok 66 - the complete requested regional block resolves exactly once by title and year
  ---
  duration_ms: 37.274943
  ...
# Subtest: generic translated titles reject unrelated same-year films
ok 67 - generic translated titles reject unrelated same-year films
  ---
  duration_ms: 23.949709
  ...
# Subtest: 1981-2009 festival winner expansion contains exactly eleven unique films
ok 68 - 1981-2009 festival winner expansion contains exactly eleven unique films
  ---
  duration_ms: 1.478936
  ...
# Subtest: all eleven festival winners are new to the preceding 293-case catalogue
ok 69 - all eleven festival winners are new to the preceding 293-case catalogue
  ---
  duration_ms: 45.521913
  ...
# Subtest: every festival winner resolves once and has a playable brief blueprint
ok 70 - every festival winner resolves once and has a playable brief blueprint
  ---
  duration_ms: 33.23469
  ...
# Subtest: the complete requested 1981-2009 festival block resolves exactly once
ok 71 - the complete requested 1981-2009 festival block resolves exactly once
  ---
  duration_ms: 33.531484
  ...
# Subtest: generic festival winner titles do not match unrelated same-year films
ok 72 - generic festival winner titles do not match unrelated same-year films
  ---
  duration_ms: 9.232619
  ...
# Subtest: the merged catalogue contains 304 unique Production Cases
ok 73 - the merged catalogue contains 304 unique Production Cases
  ---
  duration_ms: 25.978878
  ...
# Subtest: 2010-2024 festival winner expansion contains exactly eleven unique films
ok 74 - 2010-2024 festival winner expansion contains exactly eleven unique films
  ---
  duration_ms: 1.507477
  ...
# Subtest: all eleven final festival winners are new to the preceding 304-case catalogue
ok 75 - all eleven final festival winners are new to the preceding 304-case catalogue
  ---
  duration_ms: 37.632139
  ...
# Subtest: every final festival winner resolves once and has a playable brief blueprint
ok 76 - every final festival winner resolves once and has a playable brief blueprint
  ---
  duration_ms: 30.129371
  ...
# Subtest: the complete requested 2010-2024 festival block resolves exactly once
ok 77 - the complete requested 2010-2024 festival block resolves exactly once
  ---
  duration_ms: 30.328403
  ...
# Subtest: generic final festival titles do not match unrelated same-year films
ok 78 - generic final festival titles do not match unrelated same-year films
  ---
  duration_ms: 13.633643
  ...
# Subtest: the final merged catalogue contains 315 unique Production Cases
ok 79 - the final merged catalogue contains 315 unique Production Cases
  ---
  duration_ms: 14.463696
  ...
# Subtest: the complete agreed correction contains all 98 films exactly once
ok 80 - the complete agreed correction contains all 98 films exactly once
  ---
  duration_ms: 15.00463
  ...
# Subtest: Film History book has six parts and thirty canonical chapters
ok 81 - Film History book has six parts and thirty canonical chapters
  ---
  duration_ms: 1.857949
  ...
# Subtest: Chapter 1 satisfies the full editorial definition rather than the old baseline
ok 82 - Chapter 1 satisfies the full editorial definition rather than the old baseline
  ---
  duration_ms: 3.394736
  ...
# Subtest: every Chapter 1 section has resolvable source provenance
ok 83 - every Chapter 1 section has resolvable source provenance
  ---
  duration_ms: 0.408444
  ...
# Subtest: Chapter 1 keeps the audited Film Atlas role and gap matrix
ok 84 - Chapter 1 keeps the audited Film Atlas role and gap matrix
  ---
  duration_ms: 0.331533
  ...
# Subtest: pre-cinema apparatus and motion studies remain Historical Objects, not fake Production Cases
ok 85 - pre-cinema apparatus and motion studies remain Historical Objects, not fake Production Cases
  ---
  duration_ms: 0.2594
  ...
# Subtest: Chapter 2 is a full source-backed exhibition-history chapter
ok 86 - Chapter 2 is a full source-backed exhibition-history chapter
  ---
  duration_ms: 1.567012
  ...
# Subtest: every Chapter 2 section has dense resolvable source provenance
ok 87 - every Chapter 2 section has dense resolvable source provenance
  ---
  duration_ms: 0.511928
  ...
# Subtest: Chapter 2 keeps the completed audited Film Atlas matrix
ok 88 - Chapter 2 keeps the completed audited Film Atlas matrix
  ---
  duration_ms: 0.384321
  ...
# Subtest: Chapter 2 keeps exhibition infrastructure outside fake Production Cases
ok 89 - Chapter 2 keeps exhibition infrastructure outside fake Production Cases
  ---
  duration_ms: 0.42439
  ...
# Subtest: only Chapters 8–30 remain explicit outlines after Chapter 7 completion
ok 90 - only Chapters 8–30 remain explicit outlines after Chapter 7 completion
  ---
  duration_ms: 0.379951
  ...
# Subtest: Chapter 8 audit locks the reviewed French avant-garde Production Case matrix
not ok 91 - Chapter 8 audit locks the reviewed French avant-garde Production Case matrix
  ---
  duration_ms: 3.480594
  location: '/home/runner/work/HG_Film_Producer/HG_Film_Producer/dist/core/filmHistoryChapterEightAuditContract.test.js:7:1'
  failureType: 'testCodeFailure'
  error: |-
    Expected values to be strictly deep-equal:
    + actual - expected
    
      [
        'The Passion of Joan of Arc',
        'Cœur fidèle',
        'Napoléon',
        'Un Chien Andalou',
    +   'The Smiling Madame Beudet',
    +   "Entr'acte"
    -   "Entr'acte",
    -   'The Smiling Madame Beudet'
      ]
  code: 'ERR_ASSERTION'
  name: 'AssertionError'
  expected:
    0: 'The Passion of Joan of Arc'
    1: 'Cœur fidèle'
    2: 'Napoléon'
    3: 'Un Chien Andalou'
    4: "Entr'acte"
    5: 'The Smiling Madame Beudet'
  actual:
    0: 'The Passion of Joan of Arc'
    1: 'Cœur fidèle'
    2: 'Napoléon'
    3: 'Un Chien Andalou'
    4: 'The Smiling Madame Beudet'
    5: "Entr'acte"
  operator: 'deepStrictEqual'
  stack: |-
    TestContext.<anonymous> (file:///home/runner/work/HG_Film_Producer/HG_Film_Producer/dist/core/filmHistoryChapterEightAuditContract.test.js:16:12)
    Test.runInAsyncScope (node:async_hooks:206:9)
    Test.run (node:internal/test_runner/test:796:25)
    Test.processPendingSubtests (node:internal/test_runner/test:526:18)
    node:internal/test_runner/harness:255:12
    node:internal/process/task_queues:140:7
    AsyncResource.runInAsyncScope (node:async_hooks:206:9)
    AsyncResource.runMicrotask (node:internal/process/task_queues:137:8)
  ...
# Subtest: Chapter 5 is canonical full book content with fifteen substantive sections
ok 92 - Chapter 5 is canonical full book content with fifteen substantive sections
  ---
  duration_ms: 1.202746
  ...
# Subtest: Chapter 5 source bank is complete, unique, HTTPS and actually used
ok 93 - Chapter 5 source bank is complete, unique, HTTPS and actually used
  ---
  duration_ms: 0.457765
  ...
# Subtest: Chapter 5 preserves the completed Atlas matrix and P2 book references
ok 94 - Chapter 5 preserves the completed Atlas matrix and P2 book references
  ---
  duration_ms: 0.534021
  ...
# Subtest: Chapter 5 industrial systems remain infrastructure, never fake Production Cases
ok 95 - Chapter 5 industrial systems remain infrastructure, never fake Production Cases
  ---
  duration_ms: 0.187253
  ...
# Subtest: Chapter 5 keeps international and historiographic safeguards visible in prose
ok 96 - Chapter 5 keeps international and historiographic safeguards visible in prose
  ---
  duration_ms: 1.805491
  ...
# Subtest: canonical book resolves Chapters 1–6 as full and preserves the six-part thirty-chapter architecture
ok 97 - canonical book resolves Chapters 1–6 as full and preserves the six-part thirty-chapter architecture
  ---
  duration_ms: 0.203937
  ...
# Subtest: Chapter 4 is canonical full book content with fifteen substantive sections
ok 98 - Chapter 4 is canonical full book content with fifteen substantive sections
  ---
  duration_ms: 1.914786
  ...
# Subtest: Chapter 4 source bank is complete, unique, HTTPS and fully referenced
ok 99 - Chapter 4 source bank is complete, unique, HTTPS and fully referenced
  ---
  duration_ms: 0.636842
  ...
# Subtest: Chapter 4 preserves the completed Atlas matrix and the three P2 book references
ok 100 - Chapter 4 preserves the completed Atlas matrix and the three P2 book references
  ---
  duration_ms: 0.723302
  ...
# Subtest: Chapter 4 historical systems remain infrastructure, never fake Production Cases
ok 101 - Chapter 4 historical systems remain infrastructure, never fake Production Cases
  ---
  duration_ms: 0.194678
  ...
# Subtest: Chapter 4 keeps the required industrial and historiographic safeguards visible in prose
ok 102 - Chapter 4 keeps the required industrial and historiographic safeguards visible in prose
  ---
  duration_ms: 2.016664
  ...
# Subtest: canonical book resolves Chapters 1–6 as full and preserves the six-part thirty-chapter architecture
ok 103 - canonical book resolves Chapters 1–6 as full and preserves the six-part thirty-chapter architecture
  ---
  duration_ms: 0.239149
  ...
# Subtest: Chapter 4 editorial references stay locked to the completed Atlas audit
ok 104 - Chapter 4 editorial references stay locked to the completed Atlas audit
  ---
  duration_ms: 0.194352
  ...
# Subtest: Chapter 7 is canonical full book content with fifteen substantive sections
ok 105 - Chapter 7 is canonical full book content with fifteen substantive sections
  ---
  duration_ms: 1.50098
  ...
# Subtest: Chapter 7 source bank is complete, unique, HTTPS and actually used
ok 106 - Chapter 7 source bank is complete, unique, HTTPS and actually used
  ---
  duration_ms: 0.584007
  ...
# Subtest: Chapter 7 preserves the completed five-case Atlas matrix and P2-only comparisons
ok 107 - Chapter 7 preserves the completed five-case Atlas matrix and P2-only comparisons
  ---
  duration_ms: 8.82175
  ...
# Subtest: Chapter 7 infrastructure remains historical context, never fake Production Cases
ok 108 - Chapter 7 infrastructure remains historical context, never fake Production Cases
  ---
  duration_ms: 0.197075
  ...
# Subtest: Chapter 7 keeps historiographic, ethical, legal and version safeguards visible in prose
ok 109 - Chapter 7 keeps historiographic, ethical, legal and version safeguards visible in prose
  ---
  duration_ms: 1.251736
  ...
# Subtest: canonical book can resolve Chapter 7 as full without changing the thirty-chapter architecture
ok 110 - canonical book can resolve Chapter 7 as full without changing the thirty-chapter architecture
  ---
  duration_ms: 0.155441
  ...
# Subtest: Chapter 7 audit locks the reviewed Weimar production-case matrix
ok 111 - Chapter 7 audit locks the reviewed Weimar production-case matrix
  ---
  duration_ms: 1.568801
  ...
# Subtest: Chapter 6 is canonical full book content with fifteen substantive sections
ok 112 - Chapter 6 is canonical full book content with fifteen substantive sections
  ---
  duration_ms: 1.753301
  ...
# Subtest: Chapter 6 source bank is complete, unique, HTTPS and actually used
ok 113 - Chapter 6 source bank is complete, unique, HTTPS and actually used
  ---
  duration_ms: 0.666162
  ...
# Subtest: Chapter 6 preserves the completed six-case Atlas matrix and P2-only comparisons
ok 114 - Chapter 6 preserves the completed six-case Atlas matrix and P2-only comparisons
  ---
  duration_ms: 9.240264
  ...
# Subtest: Chapter 6 industrial systems remain infrastructure, never fake Production Cases
ok 115 - Chapter 6 industrial systems remain infrastructure, never fake Production Cases
  ---
  duration_ms: 0.311287
  ...
# Subtest: Chapter 6 keeps historiographic, ethical and version safeguards visible in prose
ok 116 - Chapter 6 keeps historiographic, ethical and version safeguards visible in prose
  ---
  duration_ms: 2.528888
  ...
# Subtest: canonical book resolves Chapters 1–6 as full and preserves the six-part thirty-chapter architecture
ok 117 - canonical book resolves Chapters 1–6 as full and preserves the six-part thirty-chapter architecture
  ---
  duration_ms: 0.202899
  ...
# Subtest: Chapter 6 keeps the reviewed 37-source contract and closed production gap
ok 118 - Chapter 6 keeps the reviewed 37-source contract and closed production gap
  ---
  duration_ms: 1.562437
  ...
# Subtest: Chapter 3 is canonical full book content with fifteen substantive sections
ok 119 - Chapter 3 is canonical full book content with fifteen substantive sections
  ---
  duration_ms: 1.724528
  ...
# Subtest: Chapter 3 source bank is complete, unique, HTTPS and fully referenced
ok 120 - Chapter 3 source bank is complete, unique, HTTPS and fully referenced
  ---
  duration_ms: 0.589876
  ...
# Subtest: Chapter 3 uses exactly the nine completed Atlas cases and no P0/P1 film references
ok 121 - Chapter 3 uses exactly the nine completed Atlas cases and no P0/P1 film references
  ---
  duration_ms: 0.920185
  ...
# Subtest: Chapter 3 historical objects remain practices and evidence, never fake Production Cases
ok 122 - Chapter 3 historical objects remain practices and evidence, never fake Production Cases
  ---
  duration_ms: 0.250652
  ...
# Subtest: Chapter 3 keeps the required historiographic safeguards visible in prose
ok 123 - Chapter 3 keeps the required historiographic safeguards visible in prose
  ---
  duration_ms: 2.196021
  ...
# Subtest: canonical book resolves Chapters 1–6 as full and preserves the six-part thirty-chapter architecture
ok 124 - canonical book resolves Chapters 1–6 as full and preserves the six-part thirty-chapter architecture
  ---
  duration_ms: 0.300824
  ...
# Subtest: Chapter 3 editorial film references stay locked to the completed Atlas audit
ok 125 - Chapter 3 editorial film references stay locked to the completed Atlas audit
  ---
  duration_ms: 0.204546
  ...
# Subtest: movements and historical films load with unique ids
ok 126 - movements and historical films load with unique ids
  ---
  duration_ms: 3.451212
  ...
# Subtest: every historical film's movement, when set, exists in movements.json
ok 127 - every historical film's movement, when set, exists in movements.json
  ---
  duration_ms: 2.454989
  ...
# Subtest: every technique resolves through its knowledge entry to a real historical film
ok 128 - every technique resolves through its knowledge entry to a real historical film
  ---
  duration_ms: 4.322779
  ...
# Subtest: camera course has five complete and unique lessons
ok 129 - camera course has five complete and unique lessons
  ---
  duration_ms: 1.331538
  ...
# Subtest: all camera course terminology links resolve
ok 130 - all camera course terminology links resolve
  ---
  duration_ms: 0.244618
  ...
# Subtest: all five camera course film examples resolve exactly once in Film Atlas
ok 131 - all five camera course film examples resolve exactly once in Film Atlas
  ---
  duration_ms: 36.019098
  ...
# Subtest: camera quiz grading accepts only the configured answer
ok 132 - camera quiz grading accepts only the configured answer
  ---
  duration_ms: 0.260527
  ...
# Subtest: camera progress coercion removes unknown lesson IDs and preserves valid notes
ok 133 - camera progress coercion removes unknown lesson IDs and preserves valid notes
  ---
  duration_ms: 0.449247
  ...
# Subtest: camera mastery and completion require seen, understood, and used for every lesson
ok 134 - camera mastery and completion require seen, understood, and used for every lesson
  ---
  duration_ms: 2.502881
  ...
# Subtest: final camera assignment links to valid Director brief fields
ok 135 - final camera assignment links to valid Director brief fields
  ---
  duration_ms: 0.267332
  ...
# Subtest: capstone validation requires the matching film, all sixteen brief fields, and three complete shots
ok 136 - capstone validation requires the matching film, all sixteen brief fields, and three complete shots
  ---
  duration_ms: 2.41403
  ...
# Subtest: capstone validation does not count incomplete shot cards as completed coverage
ok 137 - capstone validation does not count incomplete shot cards as completed coverage
  ---
  duration_ms: 0.935749
  ...
# Subtest: capstone submission stores the delivered scene and project version
ok 138 - capstone submission stores the delivered scene and project version
  ---
  duration_ms: 0.435947
  ...
# Subtest: submission coercion rejects partial or fabricated completion records
ok 139 - submission coercion rejects partial or fabricated completion records
  ---
  duration_ms: 0.618746
  ...
# Subtest: editing, sound, and finishing course has five complete and unique lessons
ok 140 - editing, sound, and finishing course has five complete and unique lessons
  ---
  duration_ms: 1.402567
  ...
# Subtest: all editing, sound, and finishing terminology links resolve
ok 141 - all editing, sound, and finishing terminology links resolve
  ---
  duration_ms: 0.277358
  ...
# Subtest: all five editing and sound film examples resolve exactly once in Film Atlas
ok 142 - all five editing and sound film examples resolve exactly once in Film Atlas
  ---
  duration_ms: 36.545841
  ...
# Subtest: editing and sound quiz grading accepts only the configured answer
ok 143 - editing and sound quiz grading accepts only the configured answer
  ---
  duration_ms: 0.250014
  ...
# Subtest: editing and sound progress coercion removes unknown lesson IDs and preserves valid notes
ok 144 - editing and sound progress coercion removes unknown lesson IDs and preserves valid notes
  ---
  duration_ms: 0.401519
  ...
# Subtest: editing and sound mastery requires seen, understood, and used for every lesson
ok 145 - editing and sound mastery requires seen, understood, and used for every lesson
  ---
  duration_ms: 0.335571
  ...
# Subtest: final editing and sound assignment links to valid Director brief fields
ok 146 - final editing and sound assignment links to valid Director brief fields
  ---
  duration_ms: 0.232783
  ...
# Subtest: ground course contains five chapters and twenty-five lessons
ok 147 - ground course contains five chapters and twenty-five lessons
  ---
  duration_ms: 1.764377
  ...
# Subtest: course summary counts only known unique milestones
ok 148 - course summary counts only known unique milestones
  ---
  duration_ms: 0.320835
  ...
# Subtest: ground course unlocks only when all seventy-five milestones are complete
ok 149 - ground course unlocks only when all seventy-five milestones are complete
  ---
  duration_ms: 0.523926
  ...
# Subtest: capstone assignment uses every Director brief field exactly once
ok 150 - capstone assignment uses every Director brief field exactly once
  ---
  duration_ms: 0.273065
  ...
# Subtest: lighting and design course has five complete and unique lessons
ok 151 - lighting and design course has five complete and unique lessons
  ---
  duration_ms: 2.043892
  ...
# Subtest: all lighting and design terminology links resolve
ok 152 - all lighting and design terminology links resolve
  ---
  duration_ms: 0.452682
  ...
# Subtest: all five lighting and design film examples resolve exactly once in Film Atlas
ok 153 - all five lighting and design film examples resolve exactly once in Film Atlas
  ---
  duration_ms: 50.583808
  ...
# Subtest: lighting and design quiz grading accepts only the configured answer
ok 154 - lighting and design quiz grading accepts only the configured answer
  ---
  duration_ms: 0.249493
  ...
# Subtest: lighting and design progress coercion removes unknown lesson IDs and preserves valid notes
ok 155 - lighting and design progress coercion removes unknown lesson IDs and preserves valid notes
  ---
  duration_ms: 0.391049
  ...
# Subtest: lighting and design mastery requires seen, understood, and used for every lesson
ok 156 - lighting and design mastery requires seen, understood, and used for every lesson
  ---
  duration_ms: 5.110461
  ...
# Subtest: final lighting and design assignment links to valid Director brief fields
ok 157 - final lighting and design assignment links to valid Director brief fields
  ---
  duration_ms: 0.267151
  ...
# Subtest: performance course has five complete and unique lessons
ok 158 - performance course has five complete and unique lessons
  ---
  duration_ms: 1.940516
  ...
# Subtest: all performance course terminology links resolve
ok 159 - all performance course terminology links resolve
  ---
  duration_ms: 0.335695
  ...
# Subtest: all five performance course film examples resolve exactly once in Film Atlas
ok 160 - all five performance course film examples resolve exactly once in Film Atlas
  ---
  duration_ms: 44.17798
  ...
# Subtest: quiz grading accepts only the configured answer
ok 161 - quiz grading accepts only the configured answer
  ---
  duration_ms: 0.249509
  ...
# Subtest: progress coercion removes unknown lesson IDs and preserves valid notes
ok 162 - progress coercion removes unknown lesson IDs and preserves valid notes
  ---
  duration_ms: 0.378442
  ...
# Subtest: mastery and completion require seen, understood, and used for every lesson
ok 163 - mastery and completion require seen, understood, and used for every lesson
  ---
  duration_ms: 1.32334
  ...
# Subtest: final performance assignment links to valid Director brief fields
ok 164 - final performance assignment links to valid Director brief fields
  ---
  duration_ms: 0.290029
  ...
# Subtest: screenplay course contains five complete and unique lessons
ok 165 - screenplay course contains five complete and unique lessons
  ---
  duration_ms: 1.089251
  ...
# Subtest: progress is coerced to known lessons and calculates four learning stages
ok 166 - progress is coerced to known lessons and calculates four learning stages
  ---
  duration_ms: 1.099282
  ...
# Subtest: all course milestones produce full mastery
ok 167 - all course milestones produce full mastery
  ---
  duration_ms: 0.254122
  ...
# Subtest: director assignment uses valid brief fields and preserves film identity
ok 168 - director assignment uses valid brief fields and preserves film identity
  ---
  duration_ms: 0.253726
  ...
# Subtest: film study coverage always contains every history and craft area
ok 169 - film study coverage always contains every history and craft area
  ---
  duration_ms: 1.225523
  ...
# Subtest: coverage summary distinguishes verified, mapped, pending, and not-central work
ok 170 - coverage summary distinguishes verified, mapped, pending, and not-central work
  ---
  duration_ms: 0.357426
  ...
# Subtest: historical eras provide stable broad placement without pretending to be a movement label
ok 171 - historical eras provide stable broad placement without pretending to be a movement label
  ---
  duration_ms: 0.234762
  ...
# Subtest: creates stable film slugs with year
ok 172 - creates stable film slugs with year
  ---
  duration_ms: 1.132258
  ...
# Subtest: parses platform section routes
ok 173 - parses platform section routes
  ---
  duration_ms: 0.647478
  ...
# Subtest: parses canonical and legacy film routes
ok 174 - parses canonical and legacy film routes
  ---
  duration_ms: 0.183785
  ...
# Subtest: formats canonical hash routes
ok 175 - formats canonical hash routes
  ---
  duration_ms: 0.126508
  ...
# Subtest: falls back safely for invalid hashes
ok 176 - falls back safely for invalid hashes
  ---
  duration_ms: 0.792783
  ...
# Subtest: compares routes including selected films
ok 177 - compares routes including selected films
  ---
  duration_ms: 0.148111
  ...
# [italy-france-germany-benelux-expansion] prior=353 missing=25 final=378
# Subtest: Italy, France, Germany, and Benelux expansion contains exactly 28 unique targets
ok 178 - Italy, France, Germany, and Benelux expansion contains exactly 28 unique targets
  ---
  duration_ms: 1.456445
  ...
# Subtest: the expansion adds only genuinely missing films and preserves unique catalogue IDs
ok 179 - the expansion adds only genuinely missing films and preserves unique catalogue IDs
  ---
  duration_ms: 63.908639
  ...
# Subtest: all 28 requested films resolve exactly once and have playable production blueprints
ok 180 - all 28 requested films resolve exactly once and have playable production blueprints
  ---
  duration_ms: 45.945851
  ...
# Subtest: the complete requested regional block resolves exactly once by title and year
ok 181 - the complete requested regional block resolves exactly once by title and year
  ---
  duration_ms: 38.514862
  ...
# Subtest: generic translated titles reject unrelated same-year films
ok 182 - generic translated titles reject unrelated same-year films
  ---
  duration_ms: 16.922707
  ...
# Subtest: Japanese auteur expansion contains exactly seven unique missing films
ok 183 - Japanese auteur expansion contains exactly seven unique missing films
  ---
  duration_ms: 1.467961
  ...
# Subtest: all seven Japanese auteur films are new to the 275-case catalogue
ok 184 - all seven Japanese auteur films are new to the 275-case catalogue
  ---
  duration_ms: 27.494719
  ...
# Subtest: every Japanese auteur film resolves once and has a playable brief blueprint
ok 185 - every Japanese auteur film resolves once and has a playable brief blueprint
  ---
  duration_ms: 31.584385
  ...
# Subtest: the full requested Japanese block resolves exactly once
ok 186 - the full requested Japanese block resolves exactly once
  ---
  duration_ms: 21.459583
  ...
# Subtest: Black Rain is disambiguated from the Ridley Scott film released in the same year
ok 187 - Black Rain is disambiguated from the Ridley Scott film released in the same year
  ---
  duration_ms: 5.044787
  ...
# Subtest: the merged catalogue contains 282 unique Production Cases
ok 188 - the merged catalogue contains 282 unique Production Cases
  ---
  duration_ms: 14.980506
  ...
# Subtest: the first modern canon expansion contains exactly 27 unique films
ok 189 - the first modern canon expansion contains exactly 27 unique films
  ---
  duration_ms: 1.757258
  ...
# Subtest: all 27 requested films are new to the 217-case catalogue
ok 190 - all 27 requested films are new to the 217-case catalogue
  ---
  duration_ms: 13.277398
  ...
# Subtest: every requested film resolves once and has a complete playable brief blueprint
ok 191 - every requested film resolves once and has a complete playable brief blueprint
  ---
  duration_ms: 31.402259
  ...
# Subtest: the merged catalogue contains 244 unique Production Cases
ok 192 - the merged catalogue contains 244 unique Production Cases
  ---
  duration_ms: 11.920217
  ...
# Subtest: post-production seed catalogues provide stable professional coverage
ok 193 - post-production seed catalogues provide stable professional coverage
  ---
  duration_ms: 1.46354
  ...
# Subtest: craft decisions apply immutably and duplicate applications have no second cost
ok 194 - craft decisions apply immutably and duplicate applications have no second cost
  ---
  duration_ms: 18.416431
  ...
# Subtest: screening, trailer, and post evaluation are deterministic and bounded
ok 195 - screening, trailer, and post evaluation are deterministic and bounded
  ---
  duration_ms: 1.17159
  ...
# Subtest: film results remain backward compatible and account for post cost and quality
ok 196 - film results remain backward compatible and account for post cost and quality
  ---
  duration_ms: 0.505742
  ...
# Subtest: priority indie completion contains exactly 20 unique missing films
ok 197 - priority indie completion contains exactly 20 unique missing films
  ---
  duration_ms: 1.696078
  ...
# Subtest: all 20 completion films are new to the 244-case catalogue
ok 198 - all 20 completion films are new to the 244-case catalogue
  ---
  duration_ms: 16.859798
  ...
# Subtest: every completion film resolves once and has a playable brief blueprint
ok 199 - every completion film resolves once and has a playable brief blueprint
  ---
  duration_ms: 19.774121
  ...
# Subtest: the originally prioritized 27-film list is now complete exactly once
ok 200 - the originally prioritized 27-film list is now complete exactly once
  ---
  duration_ms: 11.675271
  ...
# Subtest: the merged catalogue contains 264 unique Production Cases
ok 201 - the merged catalogue contains 264 unique Production Cases
  ---
  duration_ms: 6.533641
  ...
# Subtest: production case report and best result are gated until all phases are complete
ok 202 - production case report and best result are gated until all phases are complete
  ---
  duration_ms: 2.454348
  ...
# Subtest: production case continuation helpers reset runs without deleting best results and resolve next case safely
ok 203 - production case continuation helpers reset runs without deleting best results and resolve next case safely
  ---
  duration_ms: 1.376879
  ...
# Subtest: production case first-session and next-action logic tolerate empty and returning-player state
ok 204 - production case first-session and next-action logic tolerate empty and returning-player state
  ---
  duration_ms: 0.390353
  ...
# Subtest: production case score and report invariants are bounded and deterministic for missing selections
ok 205 - production case score and report invariants are bounded and deterministic for missing selections
  ---
  duration_ms: 0.515426
  ...
# Subtest: learning status tracks only not started, in progress, and completed
ok 206 - learning status tracks only not started, in progress, and completed
  ---
  duration_ms: 1.419502
  ...
# Subtest: learning hints use qualities for explanation without calculating points
ok 207 - learning hints use qualities for explanation without calculating points
  ---
  duration_ms: 0.287998
  ...
# Subtest: next action guides study rather than score improvement
ok 208 - next action guides study rather than score improvement
  ---
  duration_ms: 0.472808
  ...
# Subtest: completed report groups understanding without score or rank fields
ok 209 - completed report groups understanding without score or rank fields
  ---
  duration_ms: 0.556689
  ...
# Subtest: production case progress starts at 0/6 for Taxi Driver
ok 210 - production case progress starts at 0/6 for Taxi Driver
  ---
  duration_ms: 0.931138
  ...
# Subtest: one mission can be marked complete and counted in the summary
ok 211 - one mission can be marked complete and counted in the summary
  ---
  duration_ms: 0.522687
  ...
# Subtest: production case progress is saved per scenario id
ok 212 - production case progress is saved per scenario id
  ---
  duration_ms: 0.865639
  ...
# Subtest: reset clears only the current scenario progress
ok 213 - reset clears only the current scenario progress
  ---
  duration_ms: 0.152679
  ...
# Subtest: production case progress export includes version, timestamp, progress, best results, and controls
ok 214 - production case progress export includes version, timestamp, progress, best results, and controls
  ---
  duration_ms: 0.576004
  ...
# Subtest: production case progress export uses safe defaults for empty storage
ok 215 - production case progress export uses safe defaults for empty storage
  ---
  duration_ms: 0.097126
  ...
# Subtest: production case progress export does not crash on corrupt storage
ok 216 - production case progress export does not crash on corrupt storage
  ---
  duration_ms: 0.200537
  ...
# Subtest: production case progress backup preview summarizes a valid export without storage writes
ok 217 - production case progress backup preview summarizes a valid export without storage writes
  ---
  duration_ms: 0.385416
  ...
# Subtest: production case progress backup preview fails safely for invalid JSON and wrong version
ok 218 - production case progress backup preview fails safely for invalid JSON and wrong version
  ---
  duration_ms: 0.232364
  ...
# Subtest: production case progress import restores a valid export from storage
ok 219 - production case progress import restores a valid export from storage
  ---
  duration_ms: 0.326001
  ...
# Subtest: production case progress import fails safely for invalid backups
ok 220 - production case progress import fails safely for invalid backups
  ---
  duration_ms: 0.236902
  ...
# Subtest: production case library controls default when storage is empty
ok 221 - production case library controls default when storage is empty
  ---
  duration_ms: 0.092857
  ...
# Subtest: production case library controls default when storage JSON is invalid
ok 222 - production case library controls default when storage JSON is invalid
  ---
  duration_ms: 0.090862
  ...
# Subtest: production case library controls default unknown filter and sort values
ok 223 - production case library controls default unknown filter and sort values
  ---
  duration_ms: 0.148721
  ...
# Subtest: production case library result summary reports default counts without active controls
ok 224 - production case library result summary reports default counts without active controls
  ---
  duration_ms: 0.177603
  ...
# Subtest: production case library result summary lists only non-default controls
ok 225 - production case library result summary lists only non-default controls
  ---
  duration_ms: 0.178317
  ...
# Subtest: production case library result summary labels status and mastery filters
ok 226 - production case library result summary labels status and mastery filters
  ---
  duration_ms: 0.122824
  ...
# Subtest: production case library result summary uses empty-result label
ok 227 - production case library result summary uses empty-result label
  ---
  duration_ms: 0.198542
  ...
# Subtest: production case library result summary reset removes active controls
ok 228 - production case library result summary reset removes active controls
  ---
  duration_ms: 0.113562
  ...
# Subtest: production case library controls read and write valid controls
ok 229 - production case library controls read and write valid controls
  ---
  duration_ms: 0.149935
  ...
# Subtest: production case library controls reset writes defaults
ok 230 - production case library controls reset writes defaults
  ---
  duration_ms: 0.1369
  ...
# Subtest: production case library controls, export helper, and UI copy avoid forbidden language
ok 231 - production case library controls, export helper, and UI copy avoid forbidden language
  ---
  duration_ms: 0.561658
  ...
# Subtest: FilmScenarioLibrary exposes learning progress without best-result or score UI
ok 232 - FilmScenarioLibrary exposes learning progress without best-result or score UI
  ---
  duration_ms: 0.222682
  ...
# Subtest: production case MVP loop preserves the learning-only UI
ok 233 - production case MVP loop preserves the learning-only UI
  ---
  duration_ms: 0.531293
  ...
# Subtest: FilmScenarioLibrary preserves learning progress controls and backup
ok 234 - FilmScenarioLibrary preserves learning progress controls and backup
  ---
  duration_ms: 0.300135
  ...
# Subtest: production case library controls parse legacy and invalid search query safely
ok 235 - production case library controls parse legacy and invalid search query safely
  ---
  duration_ms: 0.16911
  ...
# Subtest: FilmScenarioLibrary search includes title, year, director, and brief logline fields
ok 236 - FilmScenarioLibrary search includes title, year, director, and brief logline fields
  ---
  duration_ms: 0.164052
  ...
# Subtest: FilmScenarioLibrary search combines before status, mastery, and sorting
ok 237 - FilmScenarioLibrary search combines before status, mastery, and sorting
  ---
  duration_ms: 6.283182
  ...
# Subtest: progress writes to the v1 localStorage key and can be read back
ok 238 - progress writes to the v1 localStorage key and can be read back
  ---
  duration_ms: 0.160405
  ...
# Subtest: selectedChoicesByMissionId is saved per scenario id
ok 239 - selectedChoicesByMissionId is saved per scenario id
  ---
  duration_ms: 0.166983
  ...
# Subtest: old progress without selectedChoicesByMissionId parses safely
ok 240 - old progress without selectedChoicesByMissionId parses safely
  ---
  duration_ms: 0.166098
  ...
# Subtest: Case-match counts selected match choices only
ok 241 - Case-match counts selected match choices only
  ---
  duration_ms: 0.266991
  ...
# Subtest: reset clears selected choices for the current scenario
ok 242 - reset clears selected choices for the current scenario
  ---
  duration_ms: 0.185414
  ...
# Subtest: production case next phase action recommends missing choice first
ok 243 - production case next phase action recommends missing choice first
  ---
  duration_ms: 0.275866
  ...
# Subtest: production case next phase action recommends completing a selected unfinished phase
ok 244 - production case next phase action recommends completing a selected unfinished phase
  ---
  duration_ms: 0.145645
  ...
# Subtest: production case next phase action recommends improving the first weak completed phase
ok 245 - production case next phase action recommends improving the first weak completed phase
  ---
  duration_ms: 0.317738
  ...
# Subtest: production case next phase action is hidden for seed fallback and full match cases
ok 246 - production case next phase action is hidden for seed fallback and full match cases
  ---
  duration_ms: 0.152423
  ...
# Subtest: ScenarioProductionBriefPanel shows a score-free learning report
ok 247 - ScenarioProductionBriefPanel shows a score-free learning report
  ---
  duration_ms: 0.375501
  ...
# Subtest: production case tier target helper and UI copy avoid forbidden language
ok 248 - production case tier target helper and UI copy avoid forbidden language
  ---
  duration_ms: 1.185391
  ...
# Subtest: ScenarioProductionBriefPanel exposes clickable learning review focus
ok 249 - ScenarioProductionBriefPanel exposes clickable learning review focus
  ---
  duration_ms: 0.532602
  ...
# Subtest: ScenarioProductionBriefPanel focus helper copy avoids forbidden language
ok 250 - ScenarioProductionBriefPanel focus helper copy avoids forbidden language
  ---
  duration_ms: 0.322912
  ...
# Subtest: production case improvement hint is undefined for seed fallback and full match scores
ok 251 - production case improvement hint is undefined for seed fallback and full match scores
  ---
  duration_ms: 0.132441
  ...
# Subtest: production case improvement hint recommends choosing an unselected mission first
ok 252 - production case improvement hint recommends choosing an unselected mission first
  ---
  duration_ms: 0.133431
  ...
# Subtest: production case improvement hint recommends rethinking misses before partials
ok 253 - production case improvement hint recommends rethinking misses before partials
  ---
  duration_ms: 0.125584
  ...
# Subtest: production case improvement hint recommends sharpening partial choices
ok 254 - production case improvement hint recommends sharpening partial choices
  ---
  duration_ms: 0.11607
  ...
# Subtest: production case improvement hint copy avoids forbidden language
ok 255 - production case improvement hint copy avoids forbidden language
  ---
  duration_ms: 0.121332
  ...
# Subtest: production case report is undefined for seed fallback or missing missions
ok 256 - production case report is undefined for seed fallback or missing missions
  ---
  duration_ms: 0.17144
  ...
# Subtest: production case report summarizes score, matches, weak phases, and improvement hint
ok 257 - production case report summarizes score, matches, weak phases, and improvement hint
  ---
  duration_ms: 0.521106
  ...
# Subtest: production case report has no weak phases when every choice is a match
ok 258 - production case report has no weak phases when every choice is a match
  ---
  duration_ms: 0.303362
  ...
# Subtest: production case report learning summary changes for low, medium, and high scores
ok 259 - production case report learning summary changes for low, medium, and high scores
  ---
  duration_ms: 0.321312
  ...
# Subtest: production case report copy avoids forbidden language
ok 260 - production case report copy avoids forbidden language
  ---
  duration_ms: 0.135056
  ...
# Subtest: production case mission score maps choice quality to points
ok 261 - production case mission score maps choice quality to points
  ---
  duration_ms: 0.060047
  ...
# Subtest: Taxi Driver with six match choices scores 12/12
ok 262 - Taxi Driver with six match choices scores 12/12
  ---
  duration_ms: 0.136871
  ...
# Subtest: mixed production case choices score match, partial, miss, and unselected missions
ok 263 - mixed production case choices score match, partial, miss, and unselected missions
  ---
  duration_ms: 0.121697
  ...
# Subtest: reset makes score 0 for the current scenario without affecting completion helpers
ok 264 - reset makes score 0 for the current scenario without affecting completion helpers
  ---
  duration_ms: 0.145681
  ...
# Subtest: seed fallback without production case missions gets no scoring total
ok 265 - seed fallback without production case missions gets no scoring total
  ---
  duration_ms: 0.097915
  ...
# Subtest: production case scoring helpers avoid forbidden copy
ok 266 - production case scoring helpers avoid forbidden copy
  ---
  duration_ms: 0.100093
  ...
# Subtest: production case tier target shows assistant target for not started and in progress
ok 267 - production case tier target shows assistant target for not started and in progress
  ---
  duration_ms: 0.116217
  ...
# Subtest: production case tier target advances assistant to producer with threshold points
ok 268 - production case tier target advances assistant to producer with threshold points
  ---
  duration_ms: 0.101187
  ...
# Subtest: production case tier target advances producer to auteur with threshold points
ok 269 - production case tier target advances producer to auteur with threshold points
  ---
  duration_ms: 0.120209
  ...
# Subtest: production case tier target marks auteur as max tier
ok 270 - production case tier target marks auteur as max tier
  ---
  duration_ms: 0.131852
  ...
# Subtest: production case tier target is undefined for missing score or seed fallback
ok 271 - production case tier target is undefined for missing score or seed fallback
  ---
  duration_ms: 0.084438
  ...
# Subtest: production case result tier is not_started at 0 score and 0 completed phases
ok 272 - production case result tier is not_started at 0 score and 0 completed phases
  ---
  duration_ms: 0.06663
  ...
# Subtest: production case result tier is in_progress when score exists but not all phases are completed
ok 273 - production case result tier is in_progress when score exists but not all phases are completed
  ---
  duration_ms: 0.105611
  ...
# Subtest: production case result tier is assistant when all phases are completed below 50 percent score
ok 274 - production case result tier is assistant when all phases are completed below 50 percent score
  ---
  duration_ms: 0.086424
  ...
# Subtest: production case result tier is producer when all phases are completed from 50 through 83 percent score
ok 275 - production case result tier is producer when all phases are completed from 50 through 83 percent score
  ---
  duration_ms: 0.113591
  ...
# Subtest: production case result tier is auteur when all phases are completed at 84 percent score or higher
ok 276 - production case result tier is auteur when all phases are completed at 84 percent score or higher
  ---
  duration_ms: 0.08124
  ...
# Subtest: 12/12 score without completed phases does not give auteur
ok 277 - 12/12 score without completed phases does not give auteur
  ---
  duration_ms: 0.617882
  ...
# Subtest: reset gives not_started result tier for the current scenario
ok 278 - reset gives not_started result tier for the current scenario
  ---
  duration_ms: 0.21258
  ...
# Subtest: seed fallback without production case missions gets no result tier
ok 279 - seed fallback without production case missions gets no result tier
  ---
  duration_ms: 0.09758
  ...
# Subtest: production case result tier helper avoids forbidden copy
ok 280 - production case result tier helper avoids forbidden copy
  ---
  duration_ms: 0.098602
  ...
# Subtest: library status shows Not started at 0/6 phases
ok 281 - library status shows Not started at 0/6 phases
  ---
  duration_ms: 0.114137
  ...
# Subtest: library status shows In progress with partial phase completion
ok 282 - library status shows In progress with partial phase completion
  ---
  duration_ms: 0.1304
  ...
# Subtest: library status shows Assistant, Producer, and Auteur for completed cases
ok 283 - library status shows Assistant, Producer, and Auteur for completed cases
  ---
  duration_ms: 0.229053
  ...
# Subtest: library status shows 6/6 phases and Case-score when choices exist
ok 284 - library status shows 6/6 phases and Case-score when choices exist
  ---
  duration_ms: 0.138994
  ...
# Subtest: library status is absent for seed fallback mission lists
ok 285 - library status is absent for seed fallback mission lists
  ---
  duration_ms: 0.098446
  ...
# Subtest: production case collection summary counts statuses, tiers, and scores
ok 286 - production case collection summary counts statuses, tiers, and scores
  ---
  duration_ms: 0.538521
  ...
# Subtest: production case career summary counts completed cases, tiers, and score from best results
ok 287 - production case career summary counts completed cases, tiers, and score from best results
  ---
  duration_ms: 0.456633
  ...
# Subtest: production case career summary excludes seed fallback-only statuses
ok 288 - production case career summary excludes seed fallback-only statuses
  ---
  duration_ms: 0.153497
  ...
# Subtest: production case career summary and achievements survive current-progress reset
ok 289 - production case career summary and achievements survive current-progress reset
  ---
  duration_ms: 1.731692
  ...
# Subtest: production case achievements unlock from career best-results thresholds
ok 290 - production case achievements unlock from career best-results thresholds
  ---
  duration_ms: 0.288894
  ...
# Subtest: production case achievement copy avoids forbidden language
ok 291 - production case achievement copy avoids forbidden language
  ---
  duration_ms: 0.169531
  ...
# Subtest: library status filters include the expected case cards
ok 292 - library status filters include the expected case cards
  ---
  duration_ms: 0.243191
  ...
# Subtest: production case mastery filters match best-result tiers and improvement candidates
ok 293 - production case mastery filters match best-result tiers and improvement candidates
  ---
  duration_ms: 0.240073
  ...
# Subtest: production case status and mastery filters combine and exclude seed fallback from mastery
ok 294 - production case status and mastery filters combine and exclude seed fallback from mastery
  ---
  duration_ms: 0.402595
  ...
# Subtest: production case library sorting orders filtered cards
ok 295 - production case library sorting orders filtered cards
  ---
  duration_ms: 0.444788
  ...
# Subtest: production case mastery filter UI copy and empty state avoid forbidden language
ok 296 - production case mastery filter UI copy and empty state avoid forbidden language
  ---
  duration_ms: 0.107816
  ...
# Subtest: library status copy avoids forbidden language
ok 297 - library status copy avoids forbidden language
  ---
  duration_ms: 0.08142
  ...
# Subtest: production case next action prioritizes in-progress cases first
ok 298 - production case next action prioritizes in-progress cases first
  ---
  duration_ms: 0.315611
  ...
# Subtest: production case next action recommends assistant result improvement when no case is in progress
ok 299 - production case next action recommends assistant result improvement when no case is in progress
  ---
  duration_ms: 0.123147
  ...
# Subtest: production case next action recommends first not-started case when there is no progress or assistant result
ok 300 - production case next action recommends first not-started case when there is no progress or assistant result
  ---
  duration_ms: 0.094667
  ...
# Subtest: production case next action recommends producer mastery when all cases are completed but not all are auteur
ok 301 - production case next action recommends producer mastery when all cases are completed but not all are auteur
  ---
  duration_ms: 0.095978
  ...
# Subtest: production case next action reports catalogue completion when all cases are auteur
ok 302 - production case next action reports catalogue completion when all cases are auteur
  ---
  duration_ms: 0.080299
  ...
# Subtest: production case next action excludes seed fallback and avoids forbidden language
ok 303 - production case next action excludes seed fallback and avoids forbidden language
  ---
  duration_ms: 0.088304
  ...
# Subtest: best result feedback returns first_best for first completed case
ok 304 - best result feedback returns first_best for first completed case
  ---
  duration_ms: 0.204517
  ...
# Subtest: best result feedback returns score_improved for higher score
ok 305 - best result feedback returns score_improved for higher score
  ---
  duration_ms: 0.215057
  ...
# Subtest: best result feedback returns tier_improved for higher tier
ok 306 - best result feedback returns tier_improved for higher tier
  ---
  duration_ms: 0.111925
  ...
# Subtest: best result feedback returns maxed for Auteur max score
ok 307 - best result feedback returns maxed for Auteur max score
  ---
  duration_ms: 0.115101
  ...
# Subtest: best result feedback is undefined when current result does not beat previous best
ok 308 - best result feedback is undefined when current result does not beat previous best
  ---
  duration_ms: 0.08261
  ...
# Subtest: best result feedback is undefined for incomplete reports and zero max score fallback
ok 309 - best result feedback is undefined for incomplete reports and zero max score fallback
  ---
  duration_ms: 0.087289
  ...
# Subtest: best result is stored when all production case phases are completed
ok 310 - best result is stored when all production case phases are completed
  ---
  duration_ms: 0.141565
  ...
# Subtest: best result is not stored when the case is not completed
ok 311 - best result is not stored when the case is not completed
  ---
  duration_ms: 0.098957
  ...
# Subtest: higher score replaces lower best result
ok 312 - higher score replaces lower best result
  ---
  duration_ms: 0.126785
  ...
# Subtest: lower score does not replace higher best result
ok 313 - lower score does not replace higher best result
  ---
  duration_ms: 0.168703
  ...
# Subtest: resetting case progress does not delete best result
ok 314 - resetting case progress does not delete best result
  ---
  duration_ms: 0.262794
  ...
# Subtest: seed fallback gets no best result because reports are unavailable
ok 315 - seed fallback gets no best result because reports are unavailable
  ---
  duration_ms: 0.091278
  ...
# Subtest: best result can be read per scenarioId
ok 316 - best result can be read per scenarioId
  ---
  duration_ms: 0.115787
  ...
# Subtest: Taxi Driver and The Lighthouse keep separate best results
ok 317 - Taxi Driver and The Lighthouse keep separate best results
  ---
  duration_ms: 0.152192
  ...
# Subtest: best-result helpers and UI copy avoid banned phrasing
ok 318 - best-result helpers and UI copy avoid banned phrasing
  ---
  duration_ms: 0.119619
  ...
# Subtest: best result parser ignores malformed storage
ok 319 - best result parser ignores malformed storage
  ---
  duration_ms: 0.105928
  ...
# Subtest: recordCareerRosterFilm adds first-time collaborators with a film count of one
ok 320 - recordCareerRosterFilm adds first-time collaborators with a film count of one
  ---
  duration_ms: 2.160859
  ...
# Subtest: recordCareerRosterFilm increments returning collaborators across films
ok 321 - recordCareerRosterFilm increments returning collaborators across films
  ---
  duration_ms: 0.282097
  ...
# Subtest: recordCareerRosterFilm does not mutate the original career state
ok 322 - recordCareerRosterFilm does not mutate the original career state
  ---
  duration_ms: 0.19676
  ...
# Subtest: release seed catalogues provide stable IDs and requested coverage
ok 323 - release seed catalogues provide stable IDs and requested coverage
  ---
  duration_ms: 1.30345
  ...
# Subtest: release planning and strategy scoring are deterministic and immutable
ok 324 - release planning and strategy scoring are deterministic and immutable
  ---
  duration_ms: 1.100863
  ...
# Subtest: festivals, critics, and audiences resolve without randomness
ok 325 - festivals, critics, and audiences resolve without randomness
  ---
  duration_ms: 0.631715
  ...
# Subtest: a moderate film can receive recognition without sweeping the awards
ok 326 - a moderate film can receive recognition without sweeping the awards
  ---
  duration_ms: 6.500946
  ...
# Subtest: an exceptional film can win several awards but still has a ranked slate
ok 327 - an exceptional film can win several awards but still has a ranked slate
  ---
  duration_ms: 0.462124
  ...
# Subtest: award wins require an accepted festival
ok 328 - award wins require an accepted festival
  ---
  duration_ms: 0.148265
  ...
# Subtest: revenue, awards, evaluation, and studio application form one immutable pipeline
ok 329 - revenue, awards, evaluation, and studio application form one immutable pipeline
  ---
  duration_ms: 9.083678
  ...
# Subtest: Scandinavian and European round contains exactly twenty-two unique target films
ok 330 - Scandinavian and European round contains exactly twenty-two unique target films
  ---
  duration_ms: 1.492054
  ...
# Subtest: every Scandinavian and European target resolves exactly once with a playable brief
ok 331 - every Scandinavian and European target resolves exactly once with a playable brief
  ---
  duration_ms: 5.00845
  ...
# Subtest: the complete requested Scandinavian and European block resolves exactly once
ok 332 - the complete requested Scandinavian and European block resolves exactly once
  ---
  duration_ms: 1.650823
  ...
# Subtest: generic translated titles do not absorb unrelated same-year films
ok 333 - generic translated titles do not absorb unrelated same-year films
  ---
  duration_ms: 0.352209
  ...
# Subtest: Scandinavian and European round adds 15 cases and produces 330 unique Production Cases
ok 334 - Scandinavian and European round adds 15 cases and produces 330 unique Production Cases
  ---
  duration_ms: 0.203597
  ...
# Subtest: calculateScenarioAlignmentScore handles empty target lists
ok 335 - calculateScenarioAlignmentScore handles empty target lists
  ---
  duration_ms: 1.247181
  ...
# Subtest: calculateScenarioAlignmentScore handles no selected targets
ok 336 - calculateScenarioAlignmentScore handles no selected targets
  ---
  duration_ms: 0.165781
  ...
# Subtest: calculateScenarioAlignmentScore marks loose alignment below 35 percent
ok 337 - calculateScenarioAlignmentScore marks loose alignment below 35 percent
  ---
  duration_ms: 0.14702
  ...
# Subtest: calculateScenarioAlignmentScore marks focused alignment from 35 to 69 percent
ok 338 - calculateScenarioAlignmentScore marks focused alignment from 35 to 69 percent
  ---
  duration_ms: 0.133787
  ...
# Subtest: calculateScenarioAlignmentScore marks strong alignment at 70 percent and above
ok 339 - calculateScenarioAlignmentScore marks strong alignment at 70 percent and above
  ---
  duration_ms: 0.137326
  ...
# Subtest: getScenarioAlignmentSummary describes no scenario target commitment
ok 340 - getScenarioAlignmentSummary describes no scenario target commitment
  ---
  duration_ms: 1.372513
  ...
# Subtest: getScenarioAlignmentSummary describes loose scenario alignment
ok 341 - getScenarioAlignmentSummary describes loose scenario alignment
  ---
  duration_ms: 0.17111
  ...
# Subtest: getScenarioAlignmentSummary describes focused scenario alignment
ok 342 - getScenarioAlignmentSummary describes focused scenario alignment
  ---
  duration_ms: 0.175741
  ...
# Subtest: getScenarioAlignmentSummary describes strong scenario alignment
ok 343 - getScenarioAlignmentSummary describes strong scenario alignment
  ---
  duration_ms: 0.151317
  ...
# Subtest: production event seeds cover the required first shoot scenarios
ok 344 - production event seeds cover the required first shoot scenarios
  ---
  duration_ms: 4.047392
  ...
# Subtest: schedules group scenes, allocate the project budget, and do not mutate scenes
ok 345 - schedules group scenes, allocate the project budget, and do not mutate scenes
  ---
  duration_ms: 0.906867
  ...
# Subtest: difficulty responds to dramatic, technical, location, and cast pressure
ok 346 - difficulty responds to dramatic, technical, location, and cast pressure
  ---
  duration_ms: 3.455449
  ...
# Subtest: events are applied immutably and duplicate applications have no second cost
ok 347 - events are applied immutably and duplicate applications have no second cost
  ---
  duration_ms: 1.367199
  ...
# Subtest: shoot resolution and evaluation account for event cost, delay, and upside
ok 348 - shoot resolution and evaluation account for event cost, delay, and upside
  ---
  duration_ms: 2.297188
  ...
# Subtest: South Korean cinema expansion contains exactly four unique missing films
ok 349 - South Korean cinema expansion contains exactly four unique missing films
  ---
  duration_ms: 1.680223
  ...
# Subtest: all four South Korean films are new to the preceding 282-case catalogue
ok 350 - all four South Korean films are new to the preceding 282-case catalogue
  ---
  duration_ms: 21.674644
  ...
# Subtest: every South Korean expansion film resolves once and has a playable brief blueprint
ok 351 - every South Korean expansion film resolves once and has a playable brief blueprint
  ---
  duration_ms: 18.049294
  ...
# Subtest: the complete requested South Korean block resolves exactly once
ok 352 - the complete requested South Korean block resolves exactly once
  ---
  duration_ms: 14.476284
  ...
# Subtest: ambiguous English titles do not match unrelated same-year films
ok 353 - ambiguous English titles do not match unrelated same-year films
  ---
  duration_ms: 9.024741
  ...
# Subtest: the merged catalogue contains 286 unique Production Cases
ok 354 - the merged catalogue contains 286 unique Production Cases
  ---
  duration_ms: 9.442318
  ...
# Subtest: South and Southeast Asian expansion contains exactly seven unique films
ok 355 - South and Southeast Asian expansion contains exactly seven unique films
  ---
  duration_ms: 1.428542
  ...
# Subtest: all seven films are new to the preceding 286-case catalogue
ok 356 - all seven films are new to the preceding 286-case catalogue
  ---
  duration_ms: 31.462893
  ...
# Subtest: every expansion film resolves once and has a playable brief blueprint
ok 357 - every expansion film resolves once and has a playable brief blueprint
  ---
  duration_ms: 10.711899
  ...
# Subtest: the complete requested seven-film block resolves exactly once
ok 358 - the complete requested seven-film block resolves exactly once
  ---
  duration_ms: 9.065219
  ...
# Subtest: generic English titles do not match unrelated same-year films
ok 359 - generic English titles do not match unrelated same-year films
  ---
  duration_ms: 7.905236
  ...
# Subtest: the merged catalogue contains 293 unique Production Cases
ok 360 - the merged catalogue contains 293 unique Production Cases
  ---
  duration_ms: 5.596437
  ...
# Subtest: studio career pipeline order advances from development through career review only after release
ok 361 - studio career pipeline order advances from development through career review only after release
  ---
  duration_ms: 1.412889
  ...
# Subtest: studio career active targets keep post, release, and career review distinct
ok 362 - studio career active targets keep post, release, and career review distinct
  ---
  duration_ms: 0.201223
  ...
# Subtest: studio career completed project collapse keeps latest project actionable
ok 363 - studio career completed project collapse keeps latest project actionable
  ---
  duration_ms: 0.188106
  ...
# Subtest: studio career project-scoped release control names are unique per project
ok 364 - studio career project-scoped release control names are unique per project
  ---
  duration_ms: 0.183745
  ...
# Subtest: studio career application invariants tolerate missing optional project details
ok 365 - studio career application invariants tolerate missing optional project details
  ---
  duration_ms: 0.185195
  ...
1..365
# tests 365
# suites 0
# pass 363
# fail 2
# cancelled 0
# skipped 0
# todo 0
# duration_ms 1746.054506
